lm0_x,lm0_y,lm0_z,lm1_x,lm1_y,lm1_z,lm2_x,lm2_y,lm2_z,lm3_x,lm3_y,lm3_z,lm4_x,lm4_y,lm4_z,lm5_x,lm5_y,lm5_z,lm6_x,lm6_y,lm6_z,lm7_x,lm7_y,lm7_z,lm8_x,lm8_y,lm8_z,lm9_x,lm9_y,lm9_z,lm10_x,lm10_y,lm10_z,lm11_x,lm11_y,lm11_z,lm12_x,lm12_y,lm12_z,lm13_x,lm13_y,lm13_z,lm14_x,lm14_y,lm14_z,lm15_x,lm15_y,lm15_z,lm16_x,lm16_y,lm16_z,lm17_x,lm17_y,lm17_z,lm18_x,lm18_y,lm18_z,lm19_x,lm19_y,lm19_z,lm20_x,lm20_y,lm20_z
0.0,0.0,0.0,-0.19496696293892946,-0.28951076550845023,0.11379511024083845,-0.2555762877928559,-0.5808583344321151,0.1418389771035566,-0.28995463169343605,-0.7800778070223182,0.1251850404066253,-0.3278161578803196,-0.981096852588019,0.10513231932080215,-0.13214349500823117,-0.937620701441038,0.19474465261146562,-0.3414223577591634,-1.0665420849922922,0.12760432282477802,-0.5037467697574298,-1.0311307489733368,0.03614342524805437,-0.6309891215109583,-0.9719998082604648,-0.014941612379764253,-0.09800043527996043,-0.9910372274086695,0.0907806619004029,-0.2386863326142252,-1.4082200205650863,0.06380049940788093,-0.36788526604189375,-1.6511790038881369,0.006299341697061598,-0.4716196467895691,-1.8084573943427202,-0.03613034227741495,-0.0723790264850942,-0.9706321999359451,-0.023370491189354404,-0.15950252776824647,-1.4561088943211393,-0.039264849193702905,-0.22381353486615924,-1.7420154786142061,-0.05840202474935089,-0.2606760951152283,-1.9486233624829874,-0.0739491092470647,-0.07990537349114822,-0.925716115757781,-0.13466781759063076,-0.1393303431275222,-1.2940670674636752,-0.13535643767811018,-0.1658304818499695,-1.528479757574574,-0.11737681504728295,-0.19144502437521582,-1.723133160867527,-0.10597325724359767
0.0,0.0,0.0,-0.19219229309433114,-0.27849791920122957,0.11357173357294348,-0.25361800237609766,-0.5862133198041116,0.1452478274992187,-0.291570311226159,-0.7920197400972725,0.13262538835571341,-0.3332984988916998,-0.989660998937922,0.11782214861352117,-0.13920783069789375,-0.9363355349674318,0.20135485412367335,-0.3492410130759163,-1.0759169020430233,0.13801295808843164,-0.5078922256030729,-1.0279125665950954,0.0470355327248193,-0.6314270285092058,-0.9545203416802197,-0.005124139547889894,-0.10748041196787313,-0.989257536679513,0.09908323352615428,-0.24611443308638636,-1.39175257527735,0.07393375357553915,-0.36901664891410096,-1.6250170653854268,0.014642348274676703,-0.4709712086421362,-1.7755925871700957,-0.029691466401341293,-0.08149676727569,-0.9713683055885188,-0.013408610067526769,-0.15997869390229463,-1.4538130968953313,-0.028015449228016177,-0.22247406158691813,-1.736890903573815,-0.04718397814871488,-0.25868008019793937,-1.937562886800235,-0.06366493757827911,-0.08093707657336298,-0.9338697958628833,-0.12331042143960932,-0.13825020251513515,-1.2876213297592256,-0.12500701745173762,-0.16106400584275438,-1.518469957230606,-0.10781093498108833,-0.18300381998755147,-1.7111337747787074,-0.09718031258125308
0.0,0.0,0.0,-0.19705125823307904,-0.2949089821139548,0.13230974026905137,-0.26012225108979864,-0.597815595710754,0.16704595905363814,-0.30566545869351835,-0.806501214185889,0.15369813786988962,-0.35670287306458204,-1.0054201672423495,0.13700252746787747,-0.12784361916658357,-0.9440742912648683,0.21134040878909183,-0.3480172076951359,-1.085810186843479,0.14795313306777833,-0.5069922253735247,-1.0402855829928987,0.05569470047377326,-0.6350224920306226,-0.9712761806401848,0.0020439485706789024,-0.09748427641006735,-0.9903534145460569,0.09847299198141438,-0.24864022813779477,-1.3989940016418303,0.07203781645378708,-0.38324387173410707,-1.6324066003656097,0.008543917614894956,-0.49419070835663526,-1.7712264338844947,-0.03960757346749828,-0.08043744392265734,-0.9600782461480079,-0.022305956767170034,-0.169094086978255,-1.4519052104274686,-0.03335034834697316,-0.23369043510263326,-1.7344157822575195,-0.04707161700153006,-0.26920530482548677,-1.9350290492576923,-0.061356935821073974,-0.09271759838230145,-0.9124518756620043,-0.13896655684816642,-0.1517831421921761,-1.2724204698514667,-0.13806632390231746,-0.17346002186462262,-1.5019871238381055,-0.11707972734072507,-0.1948868182981448,-1.6946809866124874,-0.10423840096068825
0.0,0.0,0.0,-0.19904385002921343,-0.2881625373935132,0.14323115272627865,-0.25969541034048305,-0.5960554838516562,0.1780203269201896,-0.3095085329130533,-0.7906508201463163,0.16528802896426856,-0.3678237089466079,-0.9782240658297038,0.14540529429207294,-0.11857057265595441,-0.9521776416773575,0.2148045306667518,-0.3246649169242836,-1.167074582505472,0.18542272500662113,-0.47938007262624094,-1.169727124441797,0.12649175906497775,-0.6008076635969724,-1.1480318089128143,0.08793652034397759,-0.08852146762912674,-0.9914287785748954,0.09608811988105696,-0.30469106943672597,-1.3075627922800714,0.08236423231659497,-0.4663206496423202,-1.4735123263444576,0.028411004478057087,-0.587027665855387,-1.583094712244039,-0.017529730497819394,-0.07661856304173005,-0.9628303405093758,-0.026112631130529328,-0.19137799342352743,-1.4107469264102754,-0.037228561903549603,-0.2635016451815572,-1.6971953569119878,-0.0605023723371105,-0.29614931038079867,-1.9050382344587444,-0.08667876911110545,-0.09233528668496532,-0.9163843118720116,-0.14022819560331934,-0.16577219727798342,-1.2663431798759384,-0.14640834543193532,-0.19040721393368443,-1.4954779224682304,-0.13371051104016426,-0.2044032130859617,-1.6992375182698722,-0.13025308501758653
0.0,0.0,0.0,-0.19448404263623398,-0.3225440931522746,0.16329515240187922,-0.25520124513184417,-0.6230073014370779,0.21438820373779294,-0.3133871420805802,-0.8186810190978921,0.21413628630438852,-0.3801378978784742,-1.0127333834696253,0.2099260876791378,-0.10956495924891325,-0.9518811423969452,0.2484704195512755,-0.3355174421636166,-1.0964268804745076,0.20256396253014497,-0.498117837995402,-1.0469469651076693,0.11972795121502786,-0.628448539925764,-0.9746622987426496,0.0704241239267779,-0.0819105426054397,-0.9885629621145507,0.12662516710902247,-0.2549230063054642,-1.3689955705579264,0.1173333907766919,-0.38489719155295815,-1.5832555676239004,0.0650953959448523,-0.49178438033679084,-1.711583766171551,0.0227136428710771,-0.07409299614542816,-0.9600497891573381,-0.0011945714309949326,-0.17506994707482873,-1.4276684225513376,0.0017575943968440692,-0.23768139950043357,-1.7025329910360032,-0.0046028402549772515,-0.27116428888189376,-1.8959614326634617,-0.01704538697075993,-0.09746861901832081,-0.9188594616940925,-0.12260680716405929,-0.1584637635522295,-1.253228779164535,-0.11599749425834756,-0.1783522748618676,-1.4798859111816731,-0.09239031175951397,-0.19728453497300316,-1.6773837625882342,-0.07887651165181156
0.0,0.0,0.0,-0.19754121045015735,-0.3038879132353862,0.1719804144722562,-0.2618455866224337,-0.5843127417689382,0.22929922929078164,-0.3165671090421927,-0.766949488254846,0.23360443172893006,-0.37730793350092917,-0.9549711903741414,0.23249391659917232,-0.12084774860640174,-0.9471226034121525,0.26159355424294023,-0.3412973995734776,-1.0889588017269927,0.22519227869165165,-0.5017077840615575,-1.0513164540501405,0.15080034858076505,-0.6279367708470243,-0.9889002472773437,0.1065336645866784,-0.09052625807591749,-0.9866520796012741,0.13536125892312642,-0.26493776512788164,-1.3727191533259429,0.13470276765171196,-0.39514784809639053,-1.5859265341310282,0.08871620341532487,-0.49849634962144396,-1.7117019171400647,0.04973502385786333,-0.08067500412131635,-0.9614446166331543,0.003222797058970052,-0.18432922908985144,-1.4337029505991974,0.006708827651988986,-0.2510472740046347,-1.7084750924390562,-0.00406700917889095,-0.28679238169346044,-1.899062953277167,-0.01994887814108075,-0.10375801629321904,-0.9204465972884759,-0.12111999464377371,-0.16935770224962413,-1.2622892730619764,-0.11948497459001992,-0.19056979401010354,-1.486631544799219,-0.10166987400216115,-0.20875736493380426,-1.68311551124006,-0.09230633146739924
0.0,0.0,0.0,-0.1924589034575499,-0.3262853402991726,0.17825092405185164,-0.25293453311040565,-0.6096983616829549,0.23843886041459117,-0.3074165124279202,-0.7971063080295006,0.2440846676171192,-0.3680371832039294,-0.9842533581371562,0.24515586446167606,-0.10912574097055888,-0.9489757717000287,0.2714385863832552,-0.3335498412518896,-1.0938340748883122,0.2316952259876423,-0.4933696029732732,-1.0485910225176587,0.15227393296558167,-0.6221796021948975,-0.9807390369090411,0.10484181892441163,-0.08327612384305424,-0.9862209691244923,0.14294504978075864,-0.2571110952174751,-1.380749120857491,0.13885013812210387,-0.38493780747855816,-1.597118179396373,0.08889941608936044,-0.4893560084203088,-1.7258386946155615,0.04750240725510706,-0.07511974591241669,-0.9598028915378047,0.00868183327301399,-0.17761492971572734,-1.433253711134423,0.013006762985839967,-0.23961386154249986,-1.7085606523008576,0.007291231018091304,-0.2713491259626706,-1.8996838144240333,-0.004383741409196636,-0.09694021249315599,-0.9227268840649665,-0.11795580035030949,-0.1642090705627212,-1.2699246653638694,-0.11127515843873431,-0.1847957246065631,-1.4966792016689028,-0.08673627268176065,-0.20274882297606683,-1.694283138961872,-0.07257883679968624
0.0,0.0,0.0,-0.20468100911136303,-0.3142115144829524,0.14626438304036438,-0.26579778403640064,-0.6107997064332343,0.18197876485949166,-0.3197676670037115,-0.810028385404798,0.1694548139881616,-0.38012006845733454,-1.0057064894147534,0.15149231013175202,-0.11277698608403858,-0.9604987639987984,0.21244002573228643,-0.34072428983406866,-1.1150424406724573,0.1611269988722235,-0.5021434156027708,-1.0756817209111675,0.0797689316791215,-0.6355137966510257,-1.0174659539642548,0.03215417746220371,-0.08161823441857798,-0.9918693735083046,0.09764020537994306,-0.2686587677343293,-1.3684240459829806,0.08178966881056451,-0.4078952637740352,-1.5886064136741354,0.029999028434432428,-0.5248749497458851,-1.727391884225541,-0.012862100752828523,-0.07642245088680272,-0.9554030411675134,-0.022092783835344108,-0.1836539676226157,-1.4305217919408701,-0.026915352239331954,-0.25228868666689747,-1.7152385717308767,-0.03329741462188711,-0.29075186946814996,-1.9210888615993977,-0.04524645140970225,-0.11077201039376301,-0.9068260537885827,-0.1355571817594404,-0.17848240931306444,-1.2541057489433445,-0.13572768933092438,-0.20070265584675623,-1.4880111031555014,-0.11352465248538084,-0.22030356903588388,-1.6945794978256616,-0.10033346413656136
0.0,0.0,0.0,-0.18932841132462683,-0.3076071943410638,0.1560906017813451,-0.24863431674219139,-0.6055456507211863,0.20548699229632345,-0.29862427805710545,-0.8000292548129511,0.20524186345675552,-0.3538044719366277,-0.993996845477012,0.2012470083418515,-0.11857692078038307,-0.9448217840673689,0.24223570988908874,-0.33751096611293485,-1.1013822945337377,0.1974813344663847,-0.49811902241529676,-1.0482970013662223,0.11679794248228201,-0.6256400761140621,-0.9705550712266522,0.07033032779541777,-0.08844509083950658,-0.9880643382283854,0.12612029744531372,-0.2542432299637525,-1.3683187660024712,0.12086349488086409,-0.3855309121478516,-1.5739736265501219,0.07327631467789829,-0.4957498679038589,-1.6883801375892793,0.034903421985669966,-0.07481041682727858,-0.9676767165814631,0.0034963359181654943,-0.1686475934236582,-1.4380762643432623,0.01216361588947949,-0.23404682977567465,-1.71112313741701,0.007949255488826738,-0.27343485647223303,-1.8954586022162043,-0.003511100938692426,-0.09162547655947177,-0.9334317534913799,-0.11342342863527619,-0.15191623987431074,-1.2647932351482758,-0.10115609287369239,-0.17621648916269303,-1.4890728711218266,-0.07557872532601573,-0.20108920488581455,-1.682156979712918,-0.06080584282851928
0.0,0.0,0.0,-0.20324518678750073,-0.32430080609246703,0.17317578611745127,-0.2638198758574373,-0.5879257781339324,0.22309974663822732,-0.3183291822923536,-0.7531038227855067,0.21838602875016822,-0.3706749508536069,-0.9403019287246461,0.20647984377619963,-0.11565272875903873,-0.9505024980445542,0.25452178787675805,-0.33606753987327936,-1.1139339452362154,0.21436679702308128,-0.500445770412288,-1.0807600495612968,0.13738019482164746,-0.6330038803508129,-1.022026771949917,0.09148891936560373,-0.0866547189417166,-0.9883727767747116,0.12494084126408918,-0.26257644076234604,-1.384948530402503,0.1191315242573615,-0.40078088259466776,-1.6090752568054603,0.06664587113213133,-0.5100932078275485,-1.743468748695474,0.021361241811239544,-0.07933082744393503,-0.9573049879186334,-0.009506503427382589,-0.1772450478843713,-1.4408016632251923,-0.006857030856651314,-0.24411710487376823,-1.729038706273903,-0.021258489057459393,-0.27933229016654676,-1.9280245738997541,-0.04115885593779528,-0.10708072929818821,-0.9100592779108191,-0.13561669442538682,-0.17074177229853987,-1.270959493381193,-0.1305162119222321,-0.19061412316849552,-1.5076946727516505,-0.11062752485656419,-0.20729596037343698,-1.711774418686196,-0.10170183827954869
0.0,0.0,0.0,-0.20100798695356595,-0.3069201895616766,0.14472780310419298,-0.26402581070764425,-0.5960884654904469,0.18320019448135308,-0.3134449464379976,-0.7807975814401704,0.17165788311932617,-0.3647737039612269,-0.9784010229611066,0.15538795760491733,-0.11798413742395769,-0.9494350499058672,0.22435755841702093,-0.3424802135291057,-1.1081307279066985,0.17298691988310166,-0.5070545386322508,-1.063007060927288,0.08647716153918701,-0.6403610341853463,-0.9926775741796711,0.03530567910911272,-0.08947520041628361,-0.9900281052961345,0.10880505151054308,-0.2539413202172644,-1.3942169421851516,0.09362783012026885,-0.3829528039031703,-1.6257252701310514,0.03478334199931148,-0.4881851634868453,-1.768465272973821,-0.01295305755437264,-0.0740966455855291,-0.9608947604927198,-0.013270769043108971,-0.16811235673893743,-1.447244774238425,-0.014511691491836917,-0.2315334565523136,-1.7375950845834494,-0.031408684008204894,-0.26842727648927844,-1.9350709793900116,-0.05132800181398939,-0.08777376532018255,-0.9191406111915437,-0.12990944687401407,-0.15033820809671947,-1.2790341874925968,-0.12151426502345822,-0.17616234387729313,-1.5175891097080136,-0.1001062628966717,-0.20256245777579146,-1.7204959055389686,-0.08979669052906804
0.0,0.0,0.0,-0.19270629495188585,-0.27661209238591444,0.11380256981727183,-0.25789466159784463,-0.5825929427144816,0.14668929119223656,-0.3036760326437184,-0.7872405226593056,0.13559781104199223,-0.3542552400559272,-0.9780217382789458,0.12092747890170016,-0.14256278573737222,-0.9272003415100648,0.21000469964215585,-0.3492032337698786,-1.073755384488761,0.15839657607412577,-0.5088246730985266,-1.0405358612708302,0.07612786950125931,-0.6323633862950482,-0.9767301122609265,0.027628152301444407,-0.10840832364412264,-0.9881892933309713,0.10830307433635769,-0.25740452008202475,-1.374808280437202,0.09596216553095822,-0.3763160061960285,-1.6078239380053292,0.044566000302337254,-0.4717472569285713,-1.759740586250441,0.0022937715075498346,-0.08380464508531205,-0.9739354563656513,-0.004055227139746366,-0.16792336290554458,-1.4336810705279872,-0.012426025032887287,-0.22783178926227496,-1.7109569467674735,-0.03107675825406478,-0.26125634692618005,-1.905890792355226,-0.050683072889116096,-0.08440776786019318,-0.930143617048132,-0.11389469402471321,-0.14384379606662062,-1.2680795104093248,-0.11506317805299057,-0.16680128460246552,-1.495922597797506,-0.10015378439289635,-0.18935568027041147,-1.6893230071423087,-0.09363266156389731
0.0,0.0,0.0,-0.19792346662591515,-0.3044728914237696,0.12237061477650818,-0.26208987356615704,-0.6001845426568536,0.15361012391853682,-0.30639864243254566,-0.8055172333875082,0.13878526400135305,-0.35266756755089207,-1.006339695230012,0.11983702798600651,-0.12210986370846325,-0.9476452929713397,0.1985202088516189,-0.3350492552136266,-1.0880501054663096,0.12705334118526884,-0.4979538399369282,-1.0519099896797317,0.029115063213777104,-0.6316398111635159,-0.9900408789543155,-0.026267392540494063,-0.0932093023342217,-0.9914651617610999,0.0911529427522981,-0.23274927070263654,-1.4180970896838163,0.06290814786600127,-0.3665889658125728,-1.6580077567691867,0.0016437489944706655,-0.48070235975870107,-1.8128783244556308,-0.04430352385943831,-0.07188559243675129,-0.96560090237304,-0.02544502229541543,-0.15849851417409835,-1.4673740385062772,-0.03955379854175908,-0.22739650611045037,-1.7515424949995317,-0.055212504482551376,-0.27109116495127966,-1.960740669787205,-0.0697095621612583,-0.08084698002384576,-0.9210402996946864,-0.13890184951749193,-0.13862846507644888,-1.2898442405009558,-0.13881333260331283,-0.16291181139538544,-1.5274734786297717,-0.11851450423497155,-0.18921187053041422,-1.7332270444585263,-0.10597924255582841
0.0,0.0,0.0,-0.1965949298524067,-0.25853794415007764,0.08269666680937579,-0.2569932576679908,-0.5635071707062599,0.098284149112082,-0.2894146698024075,-0.7687372931788412,0.07445487348924772,-0.30876709907895245,-0.9562535096873919,0.04851717698206749,-0.14092591531262766,-0.9288992863960577,0.16452302255977164,-0.3447110135743648,-1.0881965952630936,0.09366974068830097,-0.509710484333332,-1.058379312617385,0.003394571060338357,-0.6372361538833574,-0.9966206656492956,-0.047315176893123145,-0.10400379909331306,-0.9917430397992243,0.07502634726515736,-0.2390076027621518,-1.3851991378937236,0.042265750807334225,-0.365070929223234,-1.6374619801754848,-0.015443999538299629,-0.46705188335458075,-1.8122029262542887,-0.057282491367398145,-0.07388217652610073,-0.9800773584004128,-0.02677899737837393,-0.15475582669643212,-1.456167255735317,-0.0496989433385645,-0.22276170788353314,-1.7497628601551758,-0.07127461470917043,-0.26495883948311855,-1.9673378002145698,-0.08767913476674151,-0.07358602371060738,-0.9373546775726951,-0.1284260563323246,-0.13037793132858874,-1.2928868410720242,-0.13758157299638685,-0.155332230448437,-1.5365766812504211,-0.1257688976197098,-0.18044586324679626,-1.7417735042437483,-0.11796543427996929
0.0,0.0,0.0,-0.1971586291160559,-0.2723557023578583,0.10009965071257194,-0.25259281353303115,-0.5812480276596543,0.12475373999756974,-0.28897052459016703,-0.7791043842150777,0.10710421340489953,-0.32614105747618793,-0.9603053217639298,0.08743308197793122,-0.1330858618426877,-0.9348034391424852,0.18278335359555625,-0.34034266211936004,-1.0982681672975911,0.11387758576091758,-0.5084483755967697,-1.0757574929151916,0.02117537992498002,-0.6453893513533724,-1.0126280872600943,-0.031808697348619325,-0.10017419911577606,-0.9913192037671464,0.08515495331443508,-0.23465835919103806,-1.404374400747034,0.050716686012946384,-0.36305679426537857,-1.652120717660814,-0.013379263726512545,-0.4707197555377161,-1.8172849815913679,-0.05890037018551637,-0.07441230758212898,-0.9731696023179723,-0.022914629770638028,-0.16185128281535058,-1.4603902879703192,-0.04267412483545723,-0.22694070705040517,-1.7547149268221207,-0.06325561819247354,-0.2690950073604793,-1.9742238177748035,-0.07936243280852164,-0.07779700439972606,-0.9328162507369515,-0.1296239790353861,-0.13798480254386558,-1.2918218976375988,-0.13497291009991766,-0.1631682295352977,-1.534784113752492,-0.12028878436109741,-0.1903949221885405,-1.7421224235058939,-0.11093691460127142
0.0,0.0,0.0,-0.20062543630761137,-0.2859240825676677,0.10527062037172644,-0.26899644485027335,-0.5965720715615607,0.12847207015069867,-0.3212536579014492,-0.8030886281993298,0.1088428320362173,-0.3681240179277371,-0.9984410028677864,0.0868361528377911,-0.12675768031959303,-0.9480049196241735,0.179417515981665,-0.34583914412146743,-1.0934639803711037,0.10894426029964781,-0.5153969601268378,-1.0541426655772455,0.01609390182155874,-0.6481921307919358,-0.9839078164877177,-0.03703715941379411,-0.09404920382294016,-0.9924273619497022,0.07901062279102797,-0.24108544435185472,-1.3888232393593816,0.04435094552868492,-0.36921392117300644,-1.6336125933168524,-0.016357480916358084,-0.473168275427496,-1.7955993852056993,-0.06063168633661719,-0.07352622595220813,-0.9641497349591677,-0.03144266390157917,-0.1625628412942951,-1.4419324848960613,-0.05385634458786811,-0.2274510540404679,-1.7351111580007477,-0.0726551053059669,-0.2656285315897915,-1.9456422903150454,-0.08772475279559938,-0.08729077490344048,-0.9146313090961186,-0.13964796669633936,-0.14408592606621254,-1.2662044479082655,-0.1510822375857446,-0.16819785306724788,-1.5116103797099385,-0.13888865275689924,-0.1913439561970463,-1.7189148247849524,-0.13044469867863956
0.0,0.0,0.0,-0.19940330020546185,-0.26329197953912264,0.09313434901655938,-0.2616248693290537,-0.5721868470021231,0.11541598834459127,-0.3042248557608161,-0.7737673410349316,0.09691950297297151,-0.3410346868668522,-0.9615798150189847,0.07621344817825842,-0.14104110220459604,-0.9354173908656015,0.17631834390369822,-0.35073867455074925,-1.0829742227229007,0.1061333787750673,-0.5164756712718537,-1.0538271031388187,0.012686174122901756,-0.6470405976703968,-0.9873671315276622,-0.040762284168911554,-0.10711693183310407,-0.9908548478793994,0.08205262548239518,-0.24253958070498977,-1.3994495605338697,0.04911780642846489,-0.3675386316206036,-1.6448069216151042,-0.011675445187696462,-0.47141755265122853,-1.8051643410851896,-0.054658911501998225,-0.07694321011344868,-0.9719097145384828,-0.023512970407811466,-0.16325767644352399,-1.4521686642395906,-0.044987618216108624,-0.22886337570734433,-1.7414844821370021,-0.06573652003467305,-0.2701278847546709,-1.949447534761203,-0.0810666662566914,-0.07667828053007489,-0.9269093530782141,-0.12824965099204078,-0.13551524866702228,-1.2783072126112915,-0.13710208350479364,-0.16234407744777823,-1.5203164633031176,-0.1238998344713022,-0.1893373885765056,-1.7228585041916962,-0.11441432933370568
0.0,0.0,0.0,-0.19785134057833964,-0.2620424062044334,0.09667857833502419,-0.2601597803656981,-0.5628523743531598,0.12156769740899259,-0.29718101731847296,-0.7658420831393363,0.1042224768413034,-0.33521132276820087,-0.950636655421682,0.083662814798542,-0.14720365148726208,-0.9271497925145937,0.1841236069414071,-0.3475651072044457,-1.0804359680204274,0.1142671721202785,-0.5138758315707784,-1.0625552868894927,0.01929648936167702,-0.6493005944316109,-1.0053495212294716,-0.03501908484533163,-0.11343515607381219,-0.9896722388465399,0.08764316871831487,-0.23765008239688631,-1.4022683281376829,0.05377709698137558,-0.3669983228987,-1.651091210515349,-0.01141476141580317,-0.47504225137140227,-1.8185512526860843,-0.05777136633966207,-0.08150727488222652,-0.9774474900906849,-0.020114813498261882,-0.16342139910678374,-1.4626653972958152,-0.0417524384995599,-0.2296704022059246,-1.752997178587819,-0.06607906979999298,-0.27184532739223743,-1.9684913450527026,-0.08385844824809417,-0.07428190853403326,-0.9381953731066904,-0.12681251322088574,-0.13186388348498285,-1.3063868417183708,-0.130922643157342,-0.15948715333137292,-1.5458882781489531,-0.1158607085593048,-0.18803025647346727,-1.7485890386153338,-0.1062836787813876
0.0,0.0,0.0,-0.19845030572948955,-0.2619568676421692,0.09010547122714187,-0.25721319756340083,-0.552533729909448,0.1127673496301456,-0.28240713767918113,-0.7434887574828168,0.09554611294681774,-0.30881438279335316,-0.919109654808257,0.074694874344844,-0.14910457860044704,-0.9271912631605386,0.17341093764176058,-0.3445925911265876,-1.0815848798938597,0.10139195042925472,-0.5126842339455202,-1.0676756923782742,0.007386387724618943,-0.6504359484770064,-1.010855326932131,-0.045721876005714125,-0.11564612940506937,-0.990070056431025,0.0799203110122379,-0.2400465671464802,-1.4188459620485507,0.04038118910832332,-0.36847050335285353,-1.6680455833444396,-0.02556129057469786,-0.4765789635478148,-1.8386734654589505,-0.07042412157184032,-0.0810917047577291,-0.9798815968187777,-0.024859017571292098,-0.16305758608195192,-1.4666204417401967,-0.05527070402983144,-0.2286379755121653,-1.761421643982902,-0.08657150116915541,-0.27191638380928684,-1.9837771700333608,-0.10656702990675865,-0.07063778506208596,-0.9380398800854414,-0.12802268833303426,-0.13074353657623763,-1.3086437489530016,-0.139644465689227,-0.16049268916373438,-1.5501126391599493,-0.12954458869377375,-0.1917366424002573,-1.7547435446839812,-0.12229718706588365
0.0,0.0,0.0,-0.20029623010462247,-0.27775950034741487,0.1022705383580705,-0.2573515020773742,-0.5816412826573948,0.13203092715647569,-0.29220598198699466,-0.7829788257105694,0.11995884611887427,-0.33363035772853317,-0.9685701392347442,0.10457484755438308,-0.14070993656813238,-0.9308574130560373,0.19257899547633775,-0.34250597286804824,-1.0834853340950379,0.12893477637795017,-0.5114509522614823,-1.0654444294866832,0.03961275866438603,-0.6469107782726419,-1.0061627988749893,-0.011418849474361883,-0.10476207806253218,-0.9899132680875224,0.0953762479042915,-0.23716091732901606,-1.4025260296535653,0.06358729569211956,-0.36665733341344464,-1.649232000128264,0.00013190849475361573,-0.47436443382410926,-1.8236194174247748,-0.04539885947138805,-0.07416893473282751,-0.9756346587172244,-0.012708909011774816,-0.16114033884403586,-1.4568436741071047,-0.03695223864219763,-0.232011782573115,-1.7520170824480945,-0.065089323107358,-0.2799156492496745,-1.9747852404191948,-0.08502601386762101,-0.06974161917990007,-0.934101891764223,-0.11831670994548779,-0.1298853306932439,-1.3026546514060664,-0.1252535009561632,-0.15829518787415095,-1.5445462850152925,-0.11296943976273768,-0.19010004081671628,-1.75320204925114,-0.1056065387602741
0.0,0.0,0.0,-0.20150622878647784,-0.2556334547231248,0.09006990781725206,-0.2606974259564033,-0.5759985254690323,0.11506914712644731,-0.2928341848861117,-0.7786039664629039,0.09985635094763916,-0.3260315423849225,-0.9577449206542347,0.08286412123885574,-0.15519204174477103,-0.9274156629417358,0.17923338599609218,-0.3578016313113516,-1.0922826549253397,0.11725256288275637,-0.5256327784955295,-1.06210737308454,0.032779681900252954,-0.6576378091277957,-0.9961246432690191,-0.014965776438285209,-0.11904855938062155,-0.9890017034881706,0.08776714081531511,-0.24935953630322025,-1.3939630328714192,0.057736685049434355,-0.3701710795246741,-1.6465132204890753,-0.0010836725086962112,-0.47179116583384767,-1.828914793269184,-0.0428753329953114,-0.08539055075062399,-0.9753522610336357,-0.01550663912582197,-0.16999877642462558,-1.4568225256790253,-0.03976491567541917,-0.237151403744082,-1.761671695152574,-0.06755551614834053,-0.28417547540049265,-1.991730874509903,-0.08712366047083797,-0.07541243558305709,-0.9367301660363531,-0.11728154024582721,-0.1345027905240563,-1.30224782346545,-0.12836975762414896,-0.159945029585364,-1.5526755374609909,-0.12013789239115066,-0.18940739516217261,-1.7649315159389078,-0.11490141632441034
0.0,0.0,0.0,-0.19539084625124242,-0.2769864013046957,0.10752882063253949,-0.2533827186298453,-0.5761474144547296,0.13493083831463937,-0.29186282825829724,-0.7741505372968432,0.11935488468871833,-0.3392691439315814,-0.9569019152287952,0.10025150882631062,-0.13039468202485327,-0.9385835363540793,0.1892387403154467,-0.34319614660163994,-1.0863743646985247,0.12347693143350083,-0.5136089467116792,-1.0617682968202005,0.03153514947920535,-0.648153595718073,-0.9991158023928901,-0.021498540107428927,-0.09623693118510744,-0.9914764916465681,0.08782265987935885,-0.23695508347781707,-1.4051963930996552,0.05408657021578276,-0.3696571757703526,-1.6522357611645377,-0.01339815284180316,-0.4794384732293382,-1.8222243406605416,-0.06260447395320304,-0.06987132183585916,-0.9725242071045436,-0.023147208220939332,-0.1591241583683003,-1.4608406993698846,-0.04732672217245514,-0.22694490828386893,-1.7581253612866667,-0.07621507251531043,-0.27119410019714013,-1.9822397996591559,-0.09772632776364484,-0.07335684880786224,-0.9292072668274398,-0.13082312948572059,-0.1320295415983438,-1.2987876296431236,-0.13735898953645273,-0.1576003038514534,-1.5426781436656802,-0.12441761688420265,-0.18594778285097782,-1.7542471022410513,-0.11700283096099333
0.0,0.0,0.0,-0.19853916714217693,-0.24915231154121795,0.0930064272746289,-0.2587778319562231,-0.576590680513805,0.11740499446529822,-0.2943937395423683,-0.7996369093188875,0.100352268970379,-0.32619902405665036,-0.9951158809588485,0.08240209608531512,-0.1551045660224578,-0.9235443096645604,0.1798125029222161,-0.3566280731724459,-1.0780476093416627,0.11163890120862979,-0.5235119138260443,-1.0528980070202696,0.023421525920427406,-0.654312921266174,-0.9905105281588413,-0.0257665491136005,-0.11469733218678786,-0.9897282285327215,0.08533789096711146,-0.2415556068809756,-1.392386881824579,0.05393167447991921,-0.3635149871350436,-1.643639561887341,-0.0010104853754374337,-0.463532687551685,-1.8101117749315958,-0.03851485378171967,-0.07917496908638975,-0.9801576874151315,-0.02142333152805831,-0.15740333809554352,-1.4598173168213835,-0.042669376342922054,-0.22234918693002687,-1.7571152381495343,-0.059101757078681684,-0.2627733129556273,-1.9766773731013154,-0.0702790482431962,-0.07184790202390555,-0.9428284974333022,-0.12762298332820748,-0.1285011198450675,-1.3044497266528856,-0.13751023308695853,-0.15665753197408486,-1.549756594900544,-0.12357123818911156,-0.18466526095965755,-1.7560990773090468,-0.11238173604296098
0.0,0.0,0.0,-0.1949724743942271,-0.25585099892035273,0.08741789680602798,-0.24949466760411537,-0.5615871337325629,0.11137769309678412,-0.27073439269323435,-0.7677642729545959,0.09676918394437786,-0.30100054581510677,-0.9525763266854488,0.07993060206952211,-0.15788016791425186,-0.9284649700678375,0.17199851017217543,-0.35930223537605877,-1.0632184593760832,0.10001858345516468,-0.5262668005280937,-1.040710438346619,0.006385412621743761,-0.6588331101336239,-0.9801436380304599,-0.046182541297732534,-0.11925958239258651,-0.9896175308359213,0.08021405531302053,-0.2420610353040492,-1.4080370968602292,0.041186826996706935,-0.3667159058286629,-1.6558521746188923,-0.024325543485239166,-0.47126967504338974,-1.824648917978379,-0.06841791343363703,-0.07953247174240802,-0.9766527101463067,-0.02311302843239564,-0.15607354087155173,-1.4605025011550234,-0.05775498819364016,-0.22097813048859163,-1.7573941002885538,-0.0901406902790269,-0.26355483478766445,-1.9786862705614174,-0.1089766795632389,-0.0636270313794724,-0.931907350738963,-0.12447494814256854,-0.1213466334684327,-1.302604287730666,-0.14146387766204616,-0.1517985116190915,-1.5471683790116693,-0.13277013377909427,-0.18398611233026543,-1.7540539242764337,-0.12463658920239203
0.0,0.0,0.0,-0.2017452732848777,-0.2674721844583703,0.0941208070728275,-0.2576030969273915,-0.5781848194457694,0.11599493673542428,-0.2831272194179,-0.7870579949691195,0.09626133741591074,-0.318198707410295,-0.9759845624729685,0.07232565827496219,-0.1512345991489404,-0.9324165518986255,0.17861860699551488,-0.35609390184341394,-1.0748837129560782,0.1125189799046135,-0.5242901470960298,-1.0435283589652438,0.023039734856383876,-0.655665392900353,-0.9841125011118269,-0.028776196930918128,-0.10960007643359554,-0.9906995190365531,0.08063675481126821,-0.24478233995147397,-1.3854511075669302,0.046885876381983486,-0.3737445916454936,-1.635421471636879,-0.018847225356852494,-0.4782323014951657,-1.8153471592924761,-0.06724309537406269,-0.0756100415002484,-0.9699125522495455,-0.028470285373967254,-0.16140458119167947,-1.4418609393108561,-0.06020004160108535,-0.23246317901797162,-1.7412176071492522,-0.09368520646940644,-0.277705595758439,-1.9668038397341812,-0.11718223561108894,-0.06899115116263518,-0.918638675830764,-0.13502282858611586,-0.1279033617787482,-1.2873436394187743,-0.1512020523163788,-0.15478206181695534,-1.5338001488600392,-0.1438134215122133,-0.18276888044776438,-1.744587168106722,-0.13938389573445825
0.0,0.0,0.0,-0.1983901236463974,-0.25123537068998175,0.10002788029886384,-0.2554539200800152,-0.551847428070973,0.12905302572577043,-0.28187249432794437,-0.7446416140336852,0.11712362673263739,-0.30956190538865813,-0.9212885661909714,0.10256437323581433,-0.15582161607713357,-0.9284383134726946,0.18354603941558276,-0.35797597646563534,-1.059985406113622,0.11680347605549438,-0.525039488351977,-1.035334855990839,0.026568606248991402,-0.657865039968255,-0.9757066782390081,-0.024595256739314363,-0.11741322131823255,-0.9893538427228694,0.08598319224806451,-0.24318303232443142,-1.4028166219462805,0.053090211193711725,-0.3706700530386715,-1.6474772422430923,-0.007511712712929594,-0.4765811134550864,-1.811369855104557,-0.04939489556790803,-0.08074379118969578,-0.9722694005119635,-0.0223499070893519,-0.1597489353391342,-1.4540308055983218,-0.048939957664455906,-0.22603364293666328,-1.7474623888547467,-0.07523061753448317,-0.26909298601615045,-1.9679365375724922,-0.09228324118655337,-0.07177806367668359,-0.9238202357281733,-0.1282392944621432,-0.12816047053593443,-1.2884935523682441,-0.13967019608372377,-0.1569955879073119,-1.5298030412545098,-0.12777720085659486,-0.18671694047201084,-1.7363523723374314,-0.11865874227623335
0.0,0.0,0.0,-0.1992717144324509,-0.26151570832369375,0.09541783859419123,-0.2572604400777086,-0.5630510509879678,0.1212861090307967,-0.2845924160698031,-0.7618856192538708,0.10642131397901919,-0.32068310254224397,-0.9419156402694945,0.08805986267721336,-0.15884366653720838,-0.9306224608264322,0.1809503741754225,-0.35764460817491533,-1.066157032778543,0.11396425608501178,-0.5228306041071749,-1.0336268221075307,0.024776455203988794,-0.6523906872449701,-0.9702033702855258,-0.025830759337992802,-0.11821985798955728,-0.9893942290813244,0.08439860566088059,-0.24451310630453693,-1.3921762707496073,0.05147449574567446,-0.363922841743452,-1.6377492473282935,-0.010368694490259603,-0.45992086612624883,-1.8117141612921157,-0.05447060198718209,-0.08051146231934951,-0.9693895427345852,-0.02361634276146713,-0.15993108538703943,-1.4407971387553906,-0.05637755642915427,-0.22415699801242556,-1.733632499135041,-0.08828736173013157,-0.2647525475626725,-1.9524959870219933,-0.10873527229593294,-0.06856737870702861,-0.917154285812214,-0.12893664679010722,-0.1265778906184415,-1.2837363149985455,-0.14810394326544446,-0.15349419096715547,-1.5282622878298335,-0.1416538665758217,-0.18153216827987198,-1.7377747313914096,-0.13617643615998073
0.0,0.0,0.0,-0.2017801794681628,-0.2780303596545987,0.12611991929582578,-0.25754597653221195,-0.5765834874363351,0.1675423318037307,-0.28593565036987484,-0.7805817607215404,0.16176171714848947,-0.3282385674882776,-0.9718138341270841,0.1509612627031698,-0.1495914918751908,-0.9338543279308786,0.22072489186536157,-0.34846606634810073,-1.0687712480302907,0.16255064943490044,-0.5127941365452064,-1.037501921811923,0.07524169304546395,-0.6425610944080198,-0.9765334802577912,0.023560492221085253,-0.10918233859441713,-0.9880430762977129,0.1088581476932515,-0.2362792852563191,-1.3824608108838368,0.08169774586249208,-0.36560862298399677,-1.6258213524923082,0.015764483915431865,-0.4691200821923213,-1.796737501662712,-0.03405020841581585,-0.07859632762256646,-0.9627531081473428,-0.013361188636332578,-0.15966825494424927,-1.425487914731548,-0.041578770997736283,-0.22920603225535993,-1.712169508513586,-0.07535271391969725,-0.2710122753851641,-1.930289811532498,-0.10031664263700106,-0.07375251299470978,-0.9131184997166419,-0.13054174520638875,-0.13098253481488414,-1.2726915080669738,-0.14959661713716949,-0.15916956069224272,-1.5077684257858126,-0.14612511499318148,-0.18571520025308738,-1.7182623121421832,-0.14492236865631206
0.0,0.0,0.0,-0.2013415297001418,-0.2696051939113385,0.1236116892199811,-0.2564461026881531,-0.566559645303531,0.16812289157245086,-0.2877461485887763,-0.7623925293483736,0.16721179887593232,-0.3287764380327796,-0.9429741862775839,0.16285085280555547,-0.1539150454610382,-0.9251904064871292,0.22260035869608966,-0.35339557999139815,-1.0579940266321555,0.16623489744832395,-0.516251554663148,-1.0253266584160372,0.08031868534894752,-0.6441088414312235,-0.9616175596744903,0.031427903157538094,-0.11479869490640014,-0.9865631098157913,0.11625183868817852,-0.24002324199047112,-1.387469352998669,0.09372276328783438,-0.36350939219347117,-1.6316994342297266,0.0355444408520707,-0.4653553045892808,-1.797011669520203,-0.006376152776876142,-0.07997531474677408,-0.9707638605408131,-0.000996588856313304,-0.16191282681757796,-1.4437694545218163,-0.019918122067279418,-0.22621820615313518,-1.732494515306312,-0.04546655856627587,-0.2665621013565216,-1.947644048190905,-0.06403706602168331,-0.06938282260215482,-0.9301383797138016,-0.11430027553694741,-0.12836150151342965,-1.2864442244325665,-0.12453475334770223,-0.15727142740076475,-1.5223048250368525,-0.11532320012787362,-0.18664457179041374,-1.726004692900916,-0.10898875348360017
0.0,0.0,0.0,-0.19641903686238552,-0.26832821147095914,0.11586735990240062,-0.249529626496869,-0.5616411507477667,0.15821001756669353,-0.27583474526903434,-0.7590749818055122,0.15747523306634098,-0.31353211087982347,-0.9373767641995476,0.15386064518352946,-0.15751525285149695,-0.9246118367831829,0.21253674184082436,-0.34820168881115204,-1.0556975090628675,0.1512037086572464,-0.5111888772868737,-1.031164444517373,0.06242902086218027,-0.640308366243583,-0.9702389063108466,0.012152928851679744,-0.11974775027688166,-0.9866910341112163,0.11000581579245737,-0.23890810348171904,-1.397388593306704,0.08283503193565674,-0.3575336623373818,-1.643139121210269,0.022840559966976273,-0.45258631289564377,-1.8114446641461228,-0.019547893915518085,-0.08293852528168609,-0.9751904507123967,-0.003845942000001335,-0.1583662897607807,-1.4467135872853862,-0.028140793559208194,-0.21892110401565448,-1.7301145140828926,-0.056240530151596684,-0.2543330691846254,-1.9464659907419377,-0.07505175210793873,-0.0656925034108643,-0.9337416968712439,-0.11411696953089288,-0.12418031245726253,-1.2962543008616705,-0.1269422883173379,-0.15337169253545344,-1.5310103900183132,-0.11827371966658454,-0.18140236848461017,-1.7371410480347824,-0.11191199959167664
0.0,0.0,0.0,-0.19814171467719618,-0.27590513607237294,0.11616532365847641,-0.2529970871737261,-0.5660771703483808,0.15432047971979276,-0.28208125928279754,-0.7600338546676326,0.1484406740116215,-0.3203457674465212,-0.9414135400600877,0.13946214829135523,-0.15491704794777883,-0.9258310674054393,0.20825534806700705,-0.351295259266596,-1.0707095903820967,0.1442072178419995,-0.5180932983808176,-1.0515539311479676,0.05476451710823277,-0.6500126170822047,-0.9921213934864823,0.004390845556255065,-0.11730126440851563,-0.9876386369828611,0.10397276617845459,-0.24054538855704732,-1.402831695654283,0.0730680702043124,-0.3614669650704844,-1.6552852631809118,0.011172567538776745,-0.45786088767046523,-1.8298790305203676,-0.032734799949702964,-0.0835888613477237,-0.977198205356644,-0.011241296247218605,-0.15945055501725908,-1.454085038858437,-0.037767117013564305,-0.22021679233185043,-1.7438357803936326,-0.0651781211804468,-0.25531711304157306,-1.9636334865310126,-0.08314987964637292,-0.07093085064809575,-0.9376576829656045,-0.12278627844609004,-0.13054495555141254,-1.3092337824901448,-0.13514833611763719,-0.1590265828987463,-1.5498254297151415,-0.12438941316856321,-0.1865586072668832,-1.7593537115677862,-0.1164966363069075
0.0,0.0,0.0,-0.20535952743823088,-0.28052069116454686,0.11584518682405297,-0.2622361626770782,-0.583522254676392,0.1563052031798663,-0.28964407695261163,-0.7919452619665963,0.15113078298190283,-0.3326622023854928,-0.9862265042819499,0.14151804568940732,-0.1645135994149647,-0.919360580977148,0.2224774901147632,-0.35605989400730004,-1.0666299253124942,0.1665171258135382,-0.5189441495304511,-1.0427710040351583,0.08044709837473014,-0.6482410474006838,-0.9845948103749077,0.03042760929033654,-0.12439288609123748,-0.9852977782636161,0.1171097691854709,-0.24378572311447194,-1.3888864169335287,0.09176571661751501,-0.364817930761162,-1.6359016093089525,0.026959748119973176,-0.46322748180842954,-1.8133190640101942,-0.02030435667667738,-0.08612210475544632,-0.9742326532260188,4.531409785461046e-05,-0.16242083252007564,-1.444743458898537,-0.027051503758939693,-0.22851986752195177,-1.7375242578444128,-0.0626532259236838,-0.2701052670038103,-1.959333891882685,-0.08714058044006184,-0.06564579539812453,-0.9344260586045114,-0.11307151993616457,-0.1267493246947729,-1.3018731864034057,-0.1268483275460172,-0.15679254604763296,-1.5388256919039025,-0.11998008491340605,-0.18623588684647818,-1.7465728348143679,-0.11601441463172159
0.0,0.0,0.0,-0.2027650684157992,-0.29013920137707216,0.12286302268362924,-0.26121591409217537,-0.601893400568195,0.16420477853484303,-0.29452848793326536,-0.8157513051138329,0.15855013820246755,-0.3412264402896799,-1.0068702082070318,0.14889196739367325,-0.15175174215729373,-0.9240203734999316,0.22419710542786583,-0.35012033589409064,-1.070401337810511,0.16737407657361517,-0.514495046758326,-1.0432833631954743,0.08229292548903233,-0.6416316092782351,-0.9839077498933531,0.03346352380647266,-0.11420505145456357,-0.9867412766519935,0.11532067973028283,-0.24248710384951888,-1.3902858508211164,0.09064202779651724,-0.36572762567512457,-1.6397269946978243,0.029405982302655693,-0.46254585816278326,-1.8173533224877194,-0.01520843137293362,-0.07922186411451453,-0.9727766291963788,-0.00468076200936497,-0.15899721368532996,-1.440796399141833,-0.02901561035083468,-0.22401175306765292,-1.7312996164337706,-0.0577201042644938,-0.26153969214566364,-1.9522081318739024,-0.07769180539955414,-0.06390397440831659,-0.9321695170759035,-0.12056333246843613,-0.12429233170882463,-1.297180361896129,-0.13200615986048556,-0.15331234612456565,-1.533379967845464,-0.121507906497791,-0.18029609035931934,-1.739603617177217,-0.11471626335384905
0.0,0.0,0.0,-0.20228159393899214,-0.2553665647249807,0.09967580472583372,-0.26461948802002105,-0.5717768535354986,0.13273277911636217,-0.29806319373988416,-0.7807228739094572,0.12414096099401889,-0.3469045418933826,-0.9622655897570564,0.1116586619745462,-0.16536041422397005,-0.9222782468018061,0.197276929105842,-0.3567513715645359,-1.068669736880945,0.1406303534706693,-0.5178852618868653,-1.0402072522564572,0.05798654979196656,-0.6430338534872762,-0.975414827518524,0.0099482764017928,-0.12597701726661592,-0.9870363172089499,0.09944395221027774,-0.25066504121772204,-1.3863039967690174,0.07192487829523084,-0.36734850609489367,-1.6341133930657779,0.009934069944796833,-0.46197554939071667,-1.817231466753344,-0.03541388261364066,-0.08751695177513631,-0.9737135822335412,-0.010352830918298327,-0.16761556426702337,-1.4341082833661283,-0.041001821877868355,-0.23258211369525902,-1.7282473968105911,-0.0787071754691361,-0.2755262821347547,-1.9551028474930716,-0.10489705836426776,-0.06842990520526204,-0.9306075248927913,-0.11696565437518157,-0.12935519312757537,-1.2876779681871247,-0.135021786696147,-0.15731099059019188,-1.5273233479795971,-0.13265268106326336,-0.18675029904036786,-1.738807823973804,-0.1323581201288349
0.0,0.0,0.0,-0.1975382881680615,-0.26625524190186733,0.10089852240784308,-0.25413895393520425,-0.5848556426796008,0.13155759265712133,-0.2835443972311758,-0.7936007802813967,0.11981714125490482,-0.3246134689313405,-0.9764056888997091,0.10491235076215708,-0.15084194671632467,-0.9224929368453073,0.19613921530578746,-0.3465049536168352,-1.074424783852227,0.13743265074067806,-0.5109157549322078,-1.0479897505937719,0.05554078555281812,-0.6374771187682591,-0.9863562773356055,0.009872169552950031,-0.11233229488740175,-0.9887086177360219,0.09918026386259883,-0.23951299587070352,-1.3940212891694241,0.06874262169514567,-0.3586892118153147,-1.6486662173128004,0.009730632982490921,-0.453877005969325,-1.8362178722250628,-0.03080932873584793,-0.0737163306446121,-0.9772737749139802,-0.009387939304208701,-0.15597060966247409,-1.4435199371249776,-0.037945802028440376,-0.21997131656532443,-1.7395489924602832,-0.06515622967020519,-0.2605089846349243,-1.9701670774116238,-0.08154043226422683,-0.05513209681910884,-0.9366340722772712,-0.11518610301270861,-0.11734403002217463,-1.3030382222812893,-0.12489306213430144,-0.14224236566201046,-1.543844395382962,-0.11156770811805747,-0.1674932275624327,-1.7536643023729321,-0.10178601540970493
0.0,0.0,0.0,-0.20436509331141173,-0.25398980591313686,0.08699941378039237,-0.2626000552340405,-0.5602314727791199,0.11597368965881223,-0.2849122723942582,-0.7647741711664775,0.10585681456033257,-0.3131690641306465,-0.9461057564961881,0.09201765639148356,-0.1589952292257775,-0.9193438208040576,0.1835198894334184,-0.35093548066703095,-1.065633652886693,0.1233480470423124,-0.5173803715887189,-1.050007603414539,0.039427792776734714,-0.6486383558799301,-0.9957391015678512,-0.008255813667561352,-0.11922288245269673,-0.9884729597883998,0.09331190742253015,-0.23727638494990785,-1.398019714123133,0.0620811848317316,-0.35657552088705663,-1.651600436877543,5.394973353925741e-05,-0.454475882871868,-1.83837711248118,-0.04282231335103581,-0.07761325832781882,-0.9801328748044436,-0.009274467600631827,-0.15543865161133544,-1.450728936122137,-0.04268034718743794,-0.22070220252956715,-1.7497451457197652,-0.07940483259533762,-0.2649381757027941,-1.978758898124327,-0.10169039300810799,-0.05695192111295994,-0.9391116973803371,-0.10968326086789265,-0.11914758813157113,-1.3101130346970615,-0.12746164287072567,-0.14893296648919704,-1.5551583228700303,-0.12258898326827583,-0.1803386914262901,-1.7665833378457085,-0.118233012960238
0.0,0.0,0.0,-0.20488290190446248,-0.25237484772654456,0.12577377707984366,-0.26260350037227875,-0.5412763068476166,0.17101015860570232,-0.2852931411661259,-0.7334158786163414,0.16928551699652442,-0.30875155524430614,-0.9127531540895392,0.16295311659336795,-0.1667011277941283,-0.9151198628783014,0.2276586163343972,-0.35977767658449455,-1.0612155585935008,0.18360093553983983,-0.5218163675135526,-1.0445137495271235,0.11070541363490002,-0.6474797355599291,-0.9921016863025534,0.06849226308606302,-0.12372459865319094,-0.985281530630602,0.11795138441885657,-0.24893568202622235,-1.3926773058401598,0.09921122152153922,-0.3686682874702873,-1.6441013440008765,0.044607856048880824,-0.4618299192648714,-1.8157106536879375,0.005374715334201158,-0.0852876733849473,-0.9723409088932095,-0.0020921483667853385,-0.1664636822927776,-1.4360387749250312,-0.02287373650650011,-0.231495136057174,-1.7285987443756692,-0.049582650262686864,-0.27010990832210174,-1.9510932415384354,-0.06792295382912614,-0.06717763227727042,-0.9300169596654383,-0.11749940477778767,-0.12907897890002673,-1.2969187917215494,-0.1300590683678942,-0.1562345553883856,-1.535981436052296,-0.1211505443373799,-0.1810344891233314,-1.7454949994917546,-0.11476113409139749
0.0,0.0,0.0,-0.19903073160137227,-0.2509814077231022,0.09548740431262491,-0.25491386835156465,-0.5661577367687867,0.12496628480986743,-0.2786036520463591,-0.7716304702306616,0.1139910969227096,-0.30495129688798245,-0.9488497669190717,0.10094287053669361,-0.14148419097259754,-0.9258578006629463,0.18437587625065374,-0.33768605729009044,-1.0779544005118706,0.12483637599680082,-0.5033841485333775,-1.0568437970251507,0.04363326006591777,-0.63056569942352,-0.9957591522472342,-0.001803753759373508,-0.10105313398674161,-0.9906759828894911,0.09137483809779534,-0.22820660720317545,-1.4046688291961809,0.05990783126146791,-0.35122631714743896,-1.6557417669629546,0.0026658034513972434,-0.447030353828984,-1.829727054985271,-0.036067192206870255,-0.06343190657377618,-0.9754812024853551,-0.012693474433433917,-0.14393662507167096,-1.448455802713922,-0.03882750910232393,-0.20768595212618748,-1.7381189648984603,-0.059866448590108465,-0.24527672240157064,-1.9605846396137627,-0.07205426083942497,-0.04963038158310462,-0.9289798158960553,-0.11482392927851662,-0.11031876631060172,-1.2940592130847608,-0.12453576065084374,-0.13496493585166486,-1.5344467717497505,-0.10994325229641824,-0.1581959589116262,-1.7435178097967696,-0.09828948097023639
0.0,0.0,0.0,-0.2013397817677029,-0.2339649981641281,0.07596953247598036,-0.26136700613196095,-0.5539308566882649,0.09901649863913768,-0.28309703472971015,-0.7686555391086309,0.08507874643108468,-0.3030825880241238,-0.9500206236559228,0.07060440183362285,-0.1630673314639941,-0.9201790323522915,0.1684867412780628,-0.353315717860238,-1.059183396844999,0.10563927252727036,-0.5160176147155257,-1.0322791717998165,0.023365894567212636,-0.6443059166306008,-0.9760584382068067,-0.02155708595170312,-0.11972892615658415,-0.9892365945089785,0.08411863245244888,-0.2394773293871142,-1.393583283820451,0.057210805345947455,-0.3488695169635697,-1.6463470907775426,0.0076188630042395575,-0.4353694374314055,-1.823436398825193,-0.02492464160402253,-0.07505059395058397,-0.9749587817695984,-0.013861709751039435,-0.15835196379131927,-1.446267411834881,-0.03879168215542277,-0.21658474298220026,-1.7389622536958786,-0.058442408384331374,-0.2511634141065118,-1.9595751589015722,-0.06887354890944064,-0.05324361494593376,-0.9270462973996949,-0.11207203758293335,-0.11311901392230202,-1.2939384138650396,-0.12494928706185372,-0.13900165047420698,-1.5417938385396155,-0.1131345059798771,-0.16496570758113174,-1.7506002044989264,-0.10205905546710949
0.0,0.0,0.0,-0.20724463903413257,-0.2576414553775631,0.10013052464161451,-0.2653704872715047,-0.5628683160287342,0.12721393123263489,-0.2899159194678367,-0.7649771979094927,0.11239488150088571,-0.3107465058993146,-0.9446075291195105,0.0941261331008459,-0.14088135795441636,-0.9335191977550408,0.1848615414419499,-0.3443746890197536,-1.0779396186221233,0.12322302160327958,-0.5125191075411046,-1.047207712749239,0.03777429697136922,-0.6435897442813744,-0.9838494586345089,-0.011399199492917516,-0.10148864369211544,-0.9909985981845475,0.08730311333392853,-0.2353034991438533,-1.3974612554542158,0.05794612810843029,-0.36014100969335777,-1.6472470961774301,-0.0025580464330336398,-0.4581608080795235,-1.8211754711195987,-0.046527365933362715,-0.06959026574030937,-0.9651269926405034,-0.020991724668959766,-0.1549907978672699,-1.4388493598466077,-0.04687129885650983,-0.21849155710220672,-1.730290880218647,-0.07178653781066338,-0.254809822910795,-1.950986489976119,-0.08910742813183058,-0.06633748685684078,-0.9132747133877878,-0.12668194822566078,-0.12594538834436345,-1.2790886210423604,-0.1412472652025278,-0.14733644184078867,-1.5239666331927326,-0.1317686844138017,-0.16821463612806745,-1.7390870286663604,-0.12473834557081814
0.0,0.0,0.0,-0.2046619359668625,-0.23833003332147074,0.07492145149306308,-0.26601723172148173,-0.5627960051227632,0.09441447097127988,-0.2841815620692157,-0.7807206938958867,0.0773106870924525,-0.2966379087357824,-0.9646564536189194,0.05865833840272645,-0.15161348883129275,-0.9286999064084218,0.16167816004102342,-0.34466106101274,-1.0728841062432735,0.0992661689596964,-0.5102057287251478,-1.0432885842519508,0.01654956398566237,-0.6397571506964558,-0.9821893769335859,-0.030681089332207128,-0.10751788060672568,-0.9912766702864017,0.0762264278038951,-0.23310682280655454,-1.3922507451023811,0.04403404907757926,-0.3454520826155881,-1.6444053072083915,-0.012260262397257625,-0.4351958552414629,-1.8232664934782263,-0.05129660408167067,-0.06647001323365052,-0.9686404076397465,-0.02179238520998129,-0.14924266760103871,-1.441324052274692,-0.05376343343558381,-0.20955598149550442,-1.7381320723215405,-0.08014438850398736,-0.24809921421888098,-1.9603508898140958,-0.09596867170314716,-0.04996769363209507,-0.9112668223276642,-0.11911570898587953,-0.10846867703494639,-1.2798485945581346,-0.13793265018471723,-0.1350047595165503,-1.5332708585258408,-0.13070312979986465,-0.16430444968476574,-1.7487807359086651,-0.1240106559522273
0.0,0.0,0.0,-0.19951441790661623,-0.2337919093597377,0.06540851265339406,-0.26071089661304403,-0.573568444141264,0.08378399351750926,-0.27946970997754605,-0.8049058030487594,0.06812369824253357,-0.2974162376419286,-0.9913918017200729,0.05201077988316024,-0.1498597951799456,-0.9264909785237933,0.1533219627573869,-0.3401559767551068,-1.0723614053999044,0.08919030776905082,-0.5072066326253436,-1.0506851191584188,0.006272988372435929,-0.6397232434401439,-0.9920165378902243,-0.04047402162537295,-0.10581653857889252,-0.9916488378683483,0.07372545366110513,-0.22490872077350027,-1.4028568120264615,0.03825109240389236,-0.3372105162124161,-1.6503977425891325,-0.017785506011070238,-0.4300607231362527,-1.8259178038845063,-0.054330733515077445,-0.06205283693760332,-0.9732844254022014,-0.01874967053898651,-0.13920598461610117,-1.44681594478174,-0.054482011673683856,-0.20021587888448178,-1.740579952897547,-0.08020837653265513,-0.2411375456672737,-1.961720874387394,-0.09309564102148032,-0.04302058086216998,-0.9191001437446268,-0.11114363402709189,-0.10022560023226809,-1.2886233851077962,-0.13049241009346907,-0.12701317413567395,-1.541568830427698,-0.12133166710259552,-0.15686073282305465,-1.7569749344503747,-0.11201035694337656
0.0,0.0,0.0,-0.20216498540233332,-0.2305157197726435,0.07220187927482224,-0.2598104635580768,-0.5490390813005079,0.09224967820382922,-0.2743211223725082,-0.762937190175323,0.07677412937552869,-0.2849111770591397,-0.9420527993438532,0.060337466971702634,-0.15691263594343102,-0.9244860502870504,0.1599908081526047,-0.34605926671880516,-1.0546330542567024,0.09735505221250441,-0.5089616343875301,-1.024500882764305,0.01588922341034793,-0.6374387514138597,-0.966882490787026,-0.0300495012303131,-0.11166701796083352,-0.9908797229938405,0.07541784708797114,-0.23409526243433443,-1.3957171188932915,0.04249678589589873,-0.34548404604123695,-1.6447023267771828,-0.01146464518151068,-0.4348365405982062,-1.8200612913479084,-0.04699834684089488,-0.06722501003043078,-0.9704386335548956,-0.02190703687164911,-0.1488808627991077,-1.4361683230144302,-0.055470821324546955,-0.20917437551455642,-1.7274701553221117,-0.08007683141967534,-0.24841936319117613,-1.9488126358970352,-0.09303090144963165,-0.048009690371937606,-0.9125086703886524,-0.11874857679159914,-0.10751978746410591,-1.2767376341132743,-0.13902488530016668,-0.13430353031460987,-1.5254507781631808,-0.13058415493617215,-0.16327452214443217,-1.7384289987462982,-0.12175975045696064
0.0,0.0,0.0,-0.1996720695705861,-0.24697536348956678,0.07554698065073771,-0.257075726373073,-0.5862569682891727,0.09743740723851169,-0.2767344007770462,-0.8181746715510863,0.0829245580029861,-0.301210685118222,-1.0096164233286042,0.06751211484222829,-0.1400452957145912,-0.9300519213752232,0.1666959890638572,-0.3310615628617614,-1.0759759696390807,0.10758482430672787,-0.4987195266040246,-1.0476775488354784,0.02784833725105391,-0.63130142050172,-0.9867996896060229,-0.017133554170060617,-0.09709318424180922,-0.9918920181102162,0.08199474363048281,-0.22260456722466967,-1.3930169308495726,0.050153039357569616,-0.3348467704694785,-1.6411240031757457,-0.005211990063008684,-0.426153524298795,-1.8177156991131727,-0.042121757233384814,-0.057454875518366526,-0.9706128092254503,-0.015114481582590829,-0.13997769985444916,-1.437436482616341,-0.04889964711470698,-0.19844811887732514,-1.7292922860354738,-0.07433976954629161,-0.23398684304730694,-1.9486707164006796,-0.0877471414740724,-0.04151541846434708,-0.9161026084695666,-0.11126170009546882,-0.10137950035190958,-1.284364051722283,-0.13079849924388598,-0.12483221317668255,-1.537081932399286,-0.1220969873277523,-0.1487693362391006,-1.7525516843338547,-0.11326204985395107
0.0,0.0,0.0,-0.203179357931712,-0.22943254163537832,0.07377822686113795,-0.26117357548037984,-0.552423313173922,0.09526021181916577,-0.2797146483253784,-0.7676082958726678,0.08028068415707702,-0.28908271301887023,-0.9476626711518503,0.0657497622202893,-0.16046051596110922,-0.9201139747545343,0.1641760148367987,-0.3476828543392739,-1.0626531236923131,0.09965664521217438,-0.5089513227099521,-1.0389591855902196,0.01795693442726935,-0.6375422264072783,-0.980548912275356,-0.026082775155314746,-0.11362684030597045,-0.9902545561213107,0.0805285989140971,-0.2289780582711355,-1.4009651569281087,0.050778792603176984,-0.3387287375690471,-1.6538087803584376,0.002715531982307528,-0.42838989017660906,-1.822828841107296,-0.02693648701081756,-0.06875621498650342,-0.9747528306408257,-0.016597276755845245,-0.1488714333855631,-1.4530241752088107,-0.04083956563616075,-0.20976620494883666,-1.7421600707262437,-0.053508737837745256,-0.2479762087485995,-1.9582772874965964,-0.058131789680470225,-0.047501051155396865,-0.9237407617296979,-0.11456251980211439,-0.10586089838168423,-1.2931708801535484,-0.12576280669552217,-0.13230573365029347,-1.5417075319091067,-0.1094910497105029,-0.15967218270497344,-1.7492990915203677,-0.09418269855120243
0.0,0.0,0.0,-0.2003311474096847,-0.24751846047259765,0.07476304551750958,-0.25544974510351215,-0.5848343913555639,0.09734174740116379,-0.27411973504347703,-0.8128308386217487,0.08369518144220466,-0.29320955322444003,-1.0013974800432495,0.06958133773729336,-0.14174230151262598,-0.9268399032671851,0.16551889655200341,-0.33458640488611724,-1.072899176199011,0.10504762931709136,-0.5022571957739298,-1.0516519162577849,0.025082334748373125,-0.634869116386593,-0.9961120448546468,-0.019345260600211397,-0.09798219381874862,-0.9918162736373641,0.08185333861583359,-0.22224781978720778,-1.3937900900389795,0.04865208584381352,-0.3357922466739573,-1.6466143828641455,-0.007016184426647965,-0.42766717626462836,-1.8265983152685465,-0.04302579830952985,-0.05719236289955346,-0.9732309238974781,-0.014200552793606479,-0.14080724412200202,-1.4420054522872898,-0.04651222270849486,-0.2009491654170913,-1.7332804870867786,-0.06911799700908605,-0.2376981093647819,-1.9557207950709399,-0.07981314252825954,-0.039497582247783165,-0.9223517241567442,-0.10967410875150997,-0.09940437403069904,-1.293502213654137,-0.1265848031475217,-0.12317767015188635,-1.5459017797068015,-0.11556515501116989,-0.1478903600686353,-1.7611503207095034,-0.10436219338645951
0.0,0.0,0.0,-0.20633830925217198,-0.23632220966443745,0.07447397854926234,-0.2688319137519316,-0.5647287741827881,0.09765562100622206,-0.2899234951918972,-0.7856513702502368,0.08403399649676808,-0.3041496252069005,-0.9685130737148322,0.07040223281179984,-0.16811809250763912,-0.9185360898920755,0.16756487334379092,-0.35507981247243803,-1.0592526876603796,0.10335737527009783,-0.5166306219133794,-1.0321437172054644,0.020201516893960155,-0.6461038214344685,-0.972679529027153,-0.025264841536699115,-0.12113633804475583,-0.9891170071745965,0.08350768661072917,-0.23554316621458563,-1.3948136801845525,0.05396454301158721,-0.34456200023280076,-1.6483207240031275,0.0032520686505495117,-0.4329177186455062,-1.820572536194787,-0.029046628019730417,-0.07507279376681489,-0.973440027662943,-0.014149660773282969,-0.15273637868770137,-1.446309564908604,-0.03928882803907621,-0.21287785572740325,-1.7356064872740886,-0.055614072266307914,-0.2513864040157852,-1.9501707922663543,-0.06319847791208025,-0.052824822225651276,-0.9219415627908483,-0.11249755807254541,-0.11087815320198496,-1.287105561372381,-0.12443649771281738,-0.13941281671012737,-1.534065237641968,-0.10974754356382727,-0.16977019355167394,-1.7399695176154655,-0.0961650395412109
0.0,0.0,0.0,-0.20547963438255545,-0.2532393580712037,0.08349519292922482,-0.2595764599651732,-0.583274704621747,0.11112104142439026,-0.2733392740930851,-0.8102292745135626,0.10035538001972273,-0.28645563098756044,-1.0003265173306444,0.0876208753655563,-0.149023008278673,-0.9209907042870247,0.18374805364183633,-0.3390165815270617,-1.06410614452414,0.12858234528740226,-0.504672725166071,-1.0468620136318307,0.050319573179635965,-0.6351462285688312,-0.9946686188358772,0.005142701131861341,-0.10429941323740022,-0.9899659499571097,0.09533651096957212,-0.22831840776161574,-1.3874051255644613,0.06410165563069667,-0.3440404823051227,-1.6367365082919472,0.004415172803160643,-0.43660973975300493,-1.818492583870188,-0.036119320000538406,-0.06294068640031343,-0.9726443464287202,-0.0055537549828256925,-0.14396668080963412,-1.431587769921021,-0.03956318084194426,-0.20788607822286223,-1.723309703182007,-0.07023017972880839,-0.2485836519862663,-1.94836531493419,-0.08761619736132024,-0.04418959293319809,-0.9213555444948747,-0.10472378273253805,-0.10511774790675911,-1.2867768769842034,-0.12392697295896493,-0.12934431976471655,-1.533684005151954,-0.11777132276096942,-0.15428348013721818,-1.7483624368416284,-0.1116505252656229
0.0,0.0,0.0,-0.2087606721543167,-0.24253712306545147,0.07927689118842733,-0.27237849070048936,-0.5814433749620539,0.10485131861476972,-0.2944097498817186,-0.8109958093734843,0.09307511949563814,-0.3164050700413078,-0.9988045110986657,0.07996461930822325,-0.1590809645740268,-0.9245139212283237,0.17481722624831483,-0.34877382940705204,-1.0608055528579958,0.11643915732826171,-0.5130162764045157,-1.0332518237470796,0.035885184647940174,-0.6434976064734113,-0.9751842679739956,-0.009997277659127713,-0.11370339747751641,-0.9896763190600888,0.08724861542593859,-0.23571957052484563,-1.3885047399753816,0.05796411793968091,-0.3491014335554233,-1.6378526270995737,0.002980015418096592,-0.4406921100693266,-1.8112466664319267,-0.03372675856316691,-0.07067065188178137,-0.968506797753293,-0.013189776516061241,-0.1504968094585861,-1.4324701431149196,-0.04408589703362765,-0.21017139855042352,-1.7237040814510547,-0.06843950085251488,-0.24778517859879448,-1.94042524689862,-0.08185490869782926,-0.05194466458853206,-0.9097447403531401,-0.11285101207275108,-0.11038774320550722,-1.2686581657322098,-0.1306104992434865,-0.1369679241524436,-1.5159247043164936,-0.1208245731935906,-0.16543881709561142,-1.7266112288437565,-0.11162013053076751
0.0,0.0,0.0,-0.2009317706671505,-0.24254165701554944,0.07337358569661559,-0.25465325335687927,-0.5845373710402632,0.09806184273688967,-0.26897589391835675,-0.8158840329354637,0.08642811698281452,-0.2849943839302387,-1.0053412604430438,0.07465084948422067,-0.1471407237713568,-0.9201427008173454,0.17182392986915598,-0.33739705193839753,-1.067767630199363,0.11264163682809558,-0.5048389029460612,-1.0491881767126958,0.032391653499542435,-0.6377355888667378,-0.9956142153323485,-0.012295518384572136,-0.10440651199500339,-0.9905150460464791,0.0893265011549121,-0.2230302691302304,-1.396109391610922,0.05670303717285216,-0.3375279488551462,-1.6488186401419331,2.783316164828753e-05,-0.4309613933013536,-1.8255001026122268,-0.03567611008184261,-0.06079814768953696,-0.9794527232634513,-0.006066786306154911,-0.13758202081130114,-1.4509405121584151,-0.037274533328335385,-0.19629308091701966,-1.743588976279175,-0.060090775820667984,-0.23347522975966564,-1.9645376454891745,-0.07020635558345116,-0.03948890437183423,-0.935964603351299,-0.10136623749397049,-0.09829390036602094,-1.3037752553027848,-0.11530654728774677,-0.12406348436726113,-1.553916357975786,-0.10242086757684046,-0.1516867688479812,-1.765301320767753,-0.0898020658583434
0.0,0.0,0.0,-0.23289165254761326,-0.3472120757408265,0.1589439300127456,-0.2854213951643686,-0.6357471109919177,0.1849745999837164,-0.3563685304928326,-0.8169801192939197,0.1659064272345348,-0.44500876311841164,-0.994008690920321,0.13569132881850712,-0.12418092467615091,-0.9968428991725066,0.12904653344337644,-0.37995844944602725,-1.1871874101487847,0.08371716578744458,-0.5457451543900619,-1.1111833685625452,0.02894721005373171,-0.6494665053637619,-1.027003920947729,-0.007461428375625037,-0.08408063403854511,-0.9964197016839684,0.008844494089971055,-0.3293142642518876,-1.37126313115011,-0.01765167097139389,-0.4723536992133262,-1.5896800121818642,-0.06116048897083592,-0.5644468386203866,-1.7595684929753324,-0.11001844919114985,-0.09832214071861686,-0.8998110045768393,-0.1074605595383884,-0.2571609148376717,-1.4191885255889383,-0.13150806077606486,-0.35210699252930494,-1.7053895963177164,-0.15243958067297025,-0.40413234043603713,-1.9389290042556806,-0.18454356488899054,-0.1691536560633702,-0.7961675097918199,-0.21043779669836057,-0.2573640091348026,-1.1608112723236836,-0.25232588158277597,-0.30221099619648023,-1.4138481377598935,-0.26935788466917765,-0.3416353857734448,-1.6517674372173903,-0.2901455882903729
0.0,0.0,0.0,-0.22820210728341242,-0.3346874003723421,0.14915689479680452,-0.2807124710931999,-0.6239505444852638,0.17282832135379492,-0.34650669712290044,-0.802091342301148,0.15388462858112703,-0.4287894525228433,-0.9787084449789065,0.12497531143559,-0.1211981223041414,-0.9958319143638086,0.11742045293323766,-0.37544946325836087,-1.1740106235489558,0.0703150423954153,-0.5412826417530202,-1.0948952272940462,0.01376882571909517,-0.6461963728291049,-1.0045107016658674,-0.02410898613704467,-0.08322722112969967,-0.9965292019883969,0.0016671074941470992,-0.31880605627427533,-1.3875006055417847,-0.02351389328437551,-0.4568649835163293,-1.6191266022168882,-0.0655483816414499,-0.5459749027641132,-1.796965818609908,-0.11430356524634623,-0.09627295570394998,-0.8986368173968826,-0.1108969597182947,-0.25136504885717076,-1.416407773203189,-0.1356885691903629,-0.34216629786525926,-1.7002416472192652,-0.15671479783547196,-0.3932832931538041,-1.9301908954299345,-0.1889926960090537,-0.1621699547293715,-0.7902247820398373,-0.211103634796011,-0.24787760512761706,-1.1499693851604937,-0.2527500532765692,-0.29171018724195746,-1.399046578415269,-0.2694410363979223,-0.33291592376508095,-1.6284706988532818,-0.29047045784402364
0.0,0.0,0.0,-0.23361245856087468,-0.33447283407744105,0.15011046668083644,-0.28578342862600786,-0.6276079666493203,0.17496156314177522,-0.35274719701107676,-0.8104028789297424,0.1570012448969823,-0.4367206868751426,-0.9867365456567003,0.12933854329146574,-0.12807114617750723,-0.994586281988218,0.12153972251138052,-0.3855022012138156,-1.1754622392035552,0.07488509581972524,-0.5517230943404124,-1.098337961513274,0.017545894818711712,-0.6556724057645344,-1.0146614262462663,-0.020301020834782597,-0.09080891847976172,-0.9958422073693594,0.007213760895509947,-0.33337825740569094,-1.3870527272760438,-0.0183748034308426,-0.47546454571773206,-1.6187959934705214,-0.06198568034160855,-0.5657238448187066,-1.7989768944992974,-0.11146370041387244,-0.1028316270226349,-0.9031196040084879,-0.10386472222300623,-0.2561862781212681,-1.42112051403704,-0.12658401026295257,-0.34796693744628354,-1.7100325063001085,-0.14889606890677543,-0.3977197038643836,-1.9393406434490177,-0.1815085881115146,-0.1690624344363985,-0.8046764186420363,-0.20265560671034338,-0.2519591851744761,-1.168603905557506,-0.23791516449755348,-0.2963355531404464,-1.419102236273963,-0.2523557726383843,-0.33734488164448323,-1.6472295481633756,-0.2722642726656433
0.0,0.0,0.0,-0.2306919574327016,-0.3281870679942679,0.1530613239697589,-0.28222907166805017,-0.6182455787666128,0.18018741289971166,-0.3465888200786439,-0.7935875060029622,0.16388867301729867,-0.42823550097197627,-0.9666076286547055,0.1376924956377121,-0.1266340291730236,-0.9939285399402938,0.1288610717552481,-0.3806219413144365,-1.1663373390550802,0.07993340242859523,-0.5440375878880964,-1.074409399038398,0.019793588253699524,-0.6454027408834088,-0.9748434789394242,-0.018636606972351512,-0.08630153464065904,-0.9961822746680996,0.01314993367883993,-0.32573554916926956,-1.3704005291443484,-0.009498471064008411,-0.4698471666628839,-1.5935798032223198,-0.05106830137106466,-0.5641358656954973,-1.7663171046548798,-0.09841464856391872,-0.09811536952220352,-0.9013902803668435,-0.09999088491057367,-0.2574942125527587,-1.416134537490446,-0.11990486332969282,-0.35512124611113255,-1.6963286417138288,-0.13688903303674813,-0.4096435950398426,-1.9222793027049485,-0.16579304538353226,-0.1661804072175621,-0.8013619269929111,-0.2010819952384784,-0.2564281863882967,-1.1535143032877595,-0.23840656512521474,-0.30221590767449485,-1.4012390858174157,-0.2513231216471216,-0.3444601812823619,-1.631741391392454,-0.26838473587599004
0.0,0.0,0.0,-0.2326503540817569,-0.33471048853748536,0.1509911543390149,-0.28411774422393754,-0.6279799999918205,0.1757693632729558,-0.34995739354973665,-0.8054950488622891,0.15707146804187844,-0.4318485254041812,-0.9796208451468055,0.12829814465188402,-0.1255066427656875,-0.9946047926424374,0.12643582253834568,-0.37810069358265086,-1.193963436507546,0.0806185520817817,-0.5416453693362485,-1.1191471907319457,0.02653392863713387,-0.643578857331063,-1.0333153203512577,-0.008176752991099514,-0.08603220937688728,-0.9962286459131381,0.011266943321365174,-0.33248682635253585,-1.358889343933432,-0.014741430576254818,-0.47709131246344677,-1.5672027382371985,-0.05552956459584041,-0.5687672425071336,-1.727829914438105,-0.10093440979537315,-0.09875444034557804,-0.9023999273796395,-0.10114103455341926,-0.2569719109117984,-1.4084734468384772,-0.12369125236932695,-0.35189856768275896,-1.6925059211479518,-0.14158501052778308,-0.4037473066277551,-1.92170913574787,-0.17037157239918466,-0.16636834819852084,-0.8019181420608016,-0.20131195465723764,-0.25251512329283266,-1.1605490060716177,-0.2397177456115377,-0.2959292884792521,-1.4094686987562792,-0.25360888918569063,-0.33434766354135365,-1.6421978796893044,-0.2712662297108807
0.0,0.0,0.0,-0.22830902632147593,-0.3493736350729167,0.16031431569801538,-0.2837294398250388,-0.6434161270731906,0.19079593607608172,-0.35864808724597974,-0.832040315826224,0.17556362723310823,-0.44432654202353256,-1.0177617042239433,0.1506464338238967,-0.12931557442643787,-0.9954555827570375,0.14065969479689927,-0.377714074945923,-1.1657342949292129,0.09271532093717273,-0.5368280386081369,-1.0835517951647922,0.031807291700727706,-0.637643776071596,-0.9897068088218484,-0.008363374180175914,-0.08456126455402893,-0.9962160942836571,0.020072021005347104,-0.30664151204990564,-1.3941283599004592,-0.003838030530759913,-0.4375891434064156,-1.6331392584794735,-0.04823568059814473,-0.5214788645946629,-1.8141760651444623,-0.09825275189745046,-0.09551714443724404,-0.8964103419212625,-0.09760532716530486,-0.24997695488832755,-1.4193496747960461,-0.11647292493468189,-0.34084820816335254,-1.6955788870733854,-0.12921586332716403,-0.3918286771873157,-1.92292538469669,-0.15601457464630583,-0.16234220813927955,-0.7926583528800678,-0.20316291394747005,-0.25360359133363036,-1.1491021859305182,-0.23883294990681783,-0.2964130954976647,-1.3933648256730184,-0.2493233590527382,-0.33730217707328236,-1.6230559315666513,-0.2654180570345932
0.0,0.0,0.0,-0.23114067574251732,-0.31263408219994654,0.1557375264285259,-0.28301204779610434,-0.5967680446866578,0.18351831527911738,-0.347232696931689,-0.7638485738238951,0.1677060358036427,-0.429890798716704,-0.9233255711072711,0.14168194564440373,-0.12852445501283785,-0.9961618598127836,0.1282537098392574,-0.38211825251661047,-1.1839184611607052,0.08429905370839855,-0.5420825683439328,-1.102578343636713,0.02951148806312893,-0.6421588014654441,-1.009801168467942,-0.006223956582214291,-0.08900857174966226,-0.9959528658813132,0.012464473429891711,-0.3307538360206651,-1.354423645410849,-0.009931646357417747,-0.47205176768685525,-1.5623208095908787,-0.050906384877303194,-0.5642699892872305,-1.721898997608092,-0.09736481974142823,-0.10111799673581129,-0.9000649272522229,-0.0996276536942508,-0.26019483977072455,-1.398413060809253,-0.11803565708494115,-0.3538894441966743,-1.6828710340219353,-0.1349148851457241,-0.40521979648518924,-1.9161997339587877,-0.16431075575471824,-0.16809564251866524,-0.801527194040424,-0.19910049323263584,-0.258264401097871,-1.1524442355722542,-0.2363689653633751,-0.30124261047981726,-1.3951262655475947,-0.24994735920054026,-0.3385557417883863,-1.627093098509146,-0.2676132825988819
0.0,0.0,0.0,-0.23526321184818394,-0.33408949844149805,0.15340352622978,-0.28516165566629664,-0.6158940116220777,0.18146031038973345,-0.3488905067571131,-0.7954252589791917,0.16508298588693252,-0.42812418849578693,-0.9728588992877626,0.13842562653168322,-0.1319110957514635,-0.9874355180773011,0.13751463844108955,-0.3848043640249114,-1.1423743613154722,0.08814678024885537,-0.5476394321953599,-1.0610158584694118,0.025102456950188364,-0.648518103962485,-0.9686723855961057,-0.01634665863619581,-0.08687152486319699,-0.996020794886092,0.01989759589548989,-0.31270734159102104,-1.392192339772116,-0.003423255193205513,-0.44782827994093044,-1.6317422211419008,-0.0494434925007591,-0.5339149473003849,-1.8113450950925505,-0.10104738018024431,-0.09899260597152405,-0.9040728869573119,-0.09583771524980089,-0.2529511360863044,-1.4250823003156472,-0.11794535060155814,-0.3466557165717982,-1.705477853654177,-0.1388156378145805,-0.3997140262408898,-1.931712978524212,-0.17077516081468297,-0.16826098496578548,-0.8026593425912842,-0.1995813559138167,-0.25876766061842266,-1.1589500500036898,-0.23882375055529503,-0.3026978286469263,-1.404014369735681,-0.2548049031085399,-0.3452757918036816,-1.6295116799917957,-0.27499963166102753
0.0,0.0,0.0,-0.23250605753172673,-0.32428046126536003,0.1538361437987148,-0.28198226556308265,-0.6119732782709205,0.17975412452885522,-0.34118354854101746,-0.7821276537427883,0.16190838695899273,-0.42063204607372195,-0.9455688034542992,0.13205943052704686,-0.1288775824890687,-0.9935382813698946,0.12685966854834801,-0.3778896046302834,-1.1855620933221547,0.08394997417167568,-0.54340336411878,-1.1141535173534196,0.0327637800047834,-0.6463145212421197,-1.036407189869294,-0.0005298296781874189,-0.09261536937963916,-0.9956533824666377,0.009835412417181933,-0.3414705159848772,-1.3367902106939882,-0.016073969516004462,-0.4883118576982414,-1.5294734436251385,-0.05459544710384245,-0.5790656642350458,-1.680582746406181,-0.09694618427955813,-0.10395451033501518,-0.9026429042274527,-0.10427619495669681,-0.26351364501825636,-1.3915408803434863,-0.13265552565992164,-0.36068867535499893,-1.680074965066046,-0.15780394277515344,-0.41345826273855296,-1.9106975092627412,-0.19001705783801334,-0.16752857301538548,-0.7996215918818033,-0.20486608753020483,-0.2534144048010168,-1.1558412275777596,-0.2501306959067598,-0.29735042943024953,-1.405744258459576,-0.26924600010358235,-0.334319690045217,-1.6378113061473631,-0.28976691615107897
0.0,0.0,0.0,-0.2296636385825802,-0.3212753168721694,0.14902755768903986,-0.28484258057822515,-0.619570607152513,0.17196136835639939,-0.35117779513836056,-0.8042261109824618,0.15175175580145736,-0.4370298789655069,-0.9842478743251438,0.12041850265728726,-0.13026684524766904,-0.9903090858299658,0.12210281070132394,-0.380794413234963,-1.1850239805637144,0.07580888336111732,-0.5482869212782805,-1.1026494893900038,0.021564474819407025,-0.653979551036723,-1.0121696628529755,-0.013789700355254014,-0.08920036846645799,-0.9959982318224496,0.00555125859622025,-0.33510151528803933,-1.3479249358759455,-0.021120245504520848,-0.4863517372018967,-1.5499010042204282,-0.06199221862204365,-0.583314754462795,-1.7110446107589465,-0.10758042231500031,-0.10073907558215504,-0.9018632174270526,-0.10855794566430478,-0.25786925413512435,-1.4082319775354966,-0.135686350232835,-0.3557413921273997,-1.7000117500884393,-0.16036674671321924,-0.4088701108299202,-1.9376873010272775,-0.19417794600383687,-0.16810509459450595,-0.7968051321844609,-0.2097628401519001,-0.2570433906864263,-1.1488915397679795,-0.2546605370162894,-0.3029650174319185,-1.3995305240944873,-0.27344938793176754,-0.34235984249594703,-1.6352931906765862,-0.29462527800341776
0.0,0.0,0.0,-0.23186772347781182,-0.32731271533759243,0.15571838608149505,-0.2848323104190337,-0.6161042746891304,0.18348269780134968,-0.35125964157922185,-0.7914273773876528,0.16695478788540216,-0.4360405777325076,-0.9622558686674072,0.14008502835021816,-0.13373091281399194,-0.9908679517258908,0.12862702906265022,-0.3863889517526832,-1.174861189052807,0.08243835806277641,-0.553177281360532,-1.0899893021135023,0.026712538337954582,-0.6566914431789932,-0.9955927284559881,-0.010040509843124228,-0.09242465516644321,-0.9956667463754905,0.010267096931890965,-0.3281490164335588,-1.3636704580790695,-0.01644826901790639,-0.4721540220521195,-1.5849113375989583,-0.05887350428726073,-0.564944913828484,-1.7553432753401184,-0.10615011196080638,-0.10445652146757758,-0.9020874116648104,-0.10507856949584624,-0.25631492973974895,-1.41088091223706,-0.1307292513619661,-0.3512446352065008,-1.7010897626554526,-0.1532992541863323,-0.40434853806744353,-1.9344198977126927,-0.18549636475758968,-0.17156704816421356,-0.7996735819866774,-0.20739257637706132,-0.25926733217820064,-1.1582503511835538,-0.25078646888641,-0.3070263300957907,-1.4095577151829424,-0.268697461930045,-0.34982896645021044,-1.642541385540265,-0.2893070418546053
0.0,0.0,0.0,-0.23337650660808912,-0.32946794973705446,0.1495273547816904,-0.2870181192909475,-0.6173798522577362,0.17407719387181983,-0.35547253422852193,-0.8032961038944681,0.1547322664971227,-0.43939861706835615,-0.9835503748078089,0.12572805401702955,-0.1313908046969374,-0.9867267366537794,0.1288502168032801,-0.3869789006773061,-1.1538985144182186,0.08088393474098585,-0.549783383943797,-1.0719587744535524,0.021850581577364584,-0.6517472590268714,-0.9791265335971208,-0.016900591330907374,-0.08721716243337393,-0.9961080088815485,0.012727969952328168,-0.31794561795509463,-1.3841439371585813,-0.012349967339629918,-0.45607136963565287,-1.6209674582807998,-0.05628636657551152,-0.5454315205056988,-1.7977048688301636,-0.10577642138293838,-0.09934556939496952,-0.9019182408388373,-0.1011970703672074,-0.25255528359905566,-1.4231885793843628,-0.12276425436554451,-0.3450730150909125,-1.7091634778133442,-0.14055984495722423,-0.39740258160599656,-1.9401567993557802,-0.1705071540704868,-0.16857377076791813,-0.7972383977020283,-0.20348242797882665,-0.2557694109336065,-1.1530173196846776,-0.24186309048048585,-0.2995519976541286,-1.4021839628446944,-0.25610278621797594,-0.3420316750186297,-1.6325266418701645,-0.27477147531278173
0.0,0.0,0.0,-0.2339765171373408,-0.347285377493517,0.16109432100349777,-0.28838983532353646,-0.6372806613695536,0.19050380308441478,-0.3620322009151919,-0.8172800860052761,0.1741161347148242,-0.4512168065618477,-0.9902548358897257,0.14670364367935249,-0.13368520770078507,-0.9931590149819773,0.1366758575449851,-0.38696811146453675,-1.186821397500612,0.09352350292354909,-0.5499552418769436,-1.103747402269421,0.041435680340359896,-0.6511449854130524,-1.0141664584891508,0.007284104153454937,-0.09530932387276643,-0.995312333763735,0.016416182281625835,-0.34207381014784916,-1.360170968570065,-0.0102393595338447,-0.4900031363341267,-1.5646271456683734,-0.052466230834472834,-0.5854914974585438,-1.7238852467934238,-0.09884708243529623,-0.10815798704479805,-0.9000038218512936,-0.10019019802499825,-0.26504232215986784,-1.415771981721576,-0.12345278521342953,-0.36382561828291704,-1.6991052326264686,-0.14279143457587695,-0.4183513929741178,-1.930684030924243,-0.17266864386460326,-0.17596986853309524,-0.7984850313935002,-0.20346552509013205,-0.2623273298233286,-1.1633042861240703,-0.24464585644611486,-0.3066055562434632,-1.4168790896246402,-0.26067151737958016,-0.344355215670867,-1.6536479383194713,-0.2797303068544027
0.0,0.0,0.0,-0.22904551776971538,-0.3288482024586892,0.14487520016366306,-0.2864402996895058,-0.6263129274630661,0.16822259699323716,-0.35528955638404003,-0.8171561910928529,0.14807799959593504,-0.44194837313262486,-0.9990160417123767,0.11795357452029875,-0.12772894549108593,-0.9874340923333633,0.13128957901396324,-0.3797397529374542,-1.1484613702842315,0.08245632413646024,-0.5423957266867518,-1.070146465570119,0.020485969923661296,-0.6455388945270368,-0.9834424551224051,-0.019901131358227058,-0.0849059902742968,-0.9962527408710172,0.016475713111324352,-0.30860487050849744,-1.3783877598623056,-0.0060333452701411905,-0.43722998881370084,-1.6174978941618037,-0.04877917678388082,-0.5221983990850008,-1.8070841447025894,-0.09710781196462857,-0.09576261118163981,-0.9030274620350921,-0.0974535158968949,-0.2537113470400497,-1.4099961925006228,-0.11994523437875157,-0.34294640730131226,-1.69573598985363,-0.139752804324702,-0.395162558755444,-1.932841793729876,-0.1705107771702462,-0.161706500742934,-0.7986561604875364,-0.2003226462706286,-0.2530362788257066,-1.1476836536007906,-0.23813181149274112,-0.29676736393396125,-1.3928823722183645,-0.2514930854454197,-0.33972995349469587,-1.623959275832111,-0.2695439656664559
0.0,0.0,0.0,-0.23817167126357783,-0.3340562003726502,0.1691114501451005,-0.28945045215467796,-0.6180900545041401,0.20529826225907288,-0.35489350282715426,-0.7945539123908271,0.19535398667230483,-0.437425112943557,-0.9702477429451267,0.174545623235839,-0.13851340349230068,-0.992274556208117,0.14394591879683039,-0.39135167650382774,-1.1747658937490915,0.10256637344483333,-0.5545072648884534,-1.0883608647307286,0.05108659740396104,-0.6536076659994211,-0.9933417092703312,0.01706803838181099,-0.09703775590713198,-0.9950373820242688,0.022006415037368374,-0.34430542542899345,-1.3463271770936343,-0.0017171580037867874,-0.49121807339046875,-1.5481693821286353,-0.04295903474925271,-0.5824679249010468,-1.7031071460962195,-0.08933505841829499,-0.10765082895691999,-0.9032821748795822,-0.09582208514352748,-0.2673851375250684,-1.4072724215180588,-0.11887702096029382,-0.36521549748218646,-1.6892051290790935,-0.13992729039821855,-0.41704438428692137,-1.9178867174155874,-0.1712392197252265,-0.17394050653935086,-0.8068886617353584,-0.19938399589350558,-0.2638319250151232,-1.1632253610772318,-0.24371225962201729,-0.30849209924873544,-1.4077623564477362,-0.26337214593817726,-0.34473095624016353,-1.6380247181718166,-0.2846819216423408
0.0,0.0,0.0,-0.23118915875299242,-0.32522197521736157,0.1350458153791207,-0.2892404948986246,-0.624804691274718,0.15301129006162684,-0.35655592357189103,-0.8163302142828254,0.12907757078113227,-0.4408430725906046,-1.003916094140647,0.09552701015320493,-0.12433559935761228,-0.983973143594815,0.12467218000954795,-0.37426933811642593,-1.1496774251598987,0.07538456102354517,-0.5387694799590005,-1.0733928407625108,0.014494992679103553,-0.6440233563826854,-0.9877097520066495,-0.024974617930590564,-0.08339950462379003,-0.9964236467086505,0.013580828705968637,-0.3111490160430217,-1.3709456142902678,-0.00989947600413547,-0.4462298696244269,-1.6011349838376667,-0.0512883068600774,-0.5353419782726047,-1.7820922754323256,-0.09801471562092019,-0.09521236125096424,-0.9071810735650273,-0.09768435401259289,-0.25038758111535153,-1.411927761270349,-0.12172994609186326,-0.3408920870201956,-1.6974914650704116,-0.14239553735247928,-0.393091650265383,-1.9318842407433723,-0.1731851076707378,-0.16234216394700268,-0.8012631338716624,-0.19868765238759092,-0.25106389124612455,-1.152192788729185,-0.2367625362434093,-0.29505117502548445,-1.400056909177007,-0.2498718395130665,-0.3380463618425821,-1.630937770914385,-0.26757414585094885
0.0,0.0,0.0,-0.23882220333966006,-0.3151997065384608,0.15819574276304152,-0.2912350031890828,-0.6049565288542205,0.18871665724194253,-0.35078058361328834,-0.7792628615599592,0.17557729683016632,-0.430910732312201,-0.9508456264060784,0.15097658168451794,-0.13618382081771593,-0.9917592525665365,0.13250752534527963,-0.38597729046522444,-1.1969254505656366,0.09295282470523461,-0.547248170652414,-1.1213454373062446,0.04581215367447191,-0.6443550849545945,-1.0386171640857995,0.01509432934035263,-0.09625122589101494,-0.995227841277038,0.016038873449329742,-0.35383967219609236,-1.3169823642925251,-0.009066419273928946,-0.5089887566598444,-1.482579230364801,-0.046531981516851825,-0.6040491754784904,-1.6149774365999592,-0.08733193721660562,-0.10471040894127522,-0.9052041534104762,-0.09679490569586306,-0.2691531560969528,-1.39175403193902,-0.12386811355840328,-0.3681201096389567,-1.6796205598508822,-0.14906595356809255,-0.41932531632830167,-1.9117103358333882,-0.18148127102175976,-0.1698100735716784,-0.8077903653012609,-0.19530609685347522,-0.25929399322868324,-1.1570091391491681,-0.24190011750436471,-0.3048564610450094,-1.3994935240432043,-0.26295811376175593,-0.33885039948064033,-1.6293185854019618,-0.2840877021806475
0.0,0.0,0.0,-0.2262976272583141,-0.32544152173704205,0.14125625474216036,-0.28248063008584434,-0.6257385240974849,0.16165489285657342,-0.350205556012958,-0.8148213363505843,0.1393882872126915,-0.43652234907417803,-0.9999254079832982,0.10707450322708251,-0.12386242493053656,-0.9857215111734354,0.1264419033098353,-0.37009153971615283,-1.163531969856373,0.07945201876821392,-0.5350833273775667,-1.087342113792863,0.021714264919242745,-0.6397023069783526,-1.0018956829387315,-0.015578647103288434,-0.0825175284613651,-0.99650327663994,0.013117817748807752,-0.3083629614676125,-1.3693532825505284,-0.009392267158158815,-0.4446127868010126,-1.596997335461447,-0.04953581712263507,-0.534954738446049,-1.7804694652594901,-0.09566471255932923,-0.09430687860453218,-0.9072249768834126,-0.09960502123898564,-0.24691756326731165,-1.407772933184228,-0.12386104797857825,-0.3374035426413307,-1.697528893433377,-0.1465220412586896,-0.3891844567706197,-1.9349506821203961,-0.1789102133317553,-0.16172038773541123,-0.8045959770190351,-0.20101591775830677,-0.2509822329841141,-1.1572138451358978,-0.23903131566890995,-0.2966739635079679,-1.4063533763857365,-0.2531931620698878,-0.3398944707270637,-1.6389837545937034,-0.2720841812976374
0.0,0.0,0.0,-0.23659390183463452,-0.3181000030378698,0.1669561311598243,-0.2848709083624239,-0.6005259787054374,0.20425946694515823,-0.34429831403166256,-0.7738624541584783,0.19609163334746268,-0.42327707020354643,-0.9427787043896835,0.1776401445695283,-0.1383267535995178,-0.9892528534372061,0.14533379519087603,-0.38634783185151017,-1.1583026857545409,0.10467760161535195,-0.5484810360930295,-1.067919684422963,0.05105298699744605,-0.6464491767500482,-0.969607675037482,0.015238724722538281,-0.09599725413587852,-0.9950665781422341,0.025040612266412986,-0.33120787040994853,-1.35818454529772,0.006522613688151642,-0.4719378999218413,-1.5806323645661298,-0.03300529621750063,-0.5589497059673351,-1.749855132612659,-0.0797768913396314,-0.10612405801164874,-0.9037166588019108,-0.09173407145657118,-0.25728370416427104,-1.4014496200467477,-0.11110941329129004,-0.3494166909060432,-1.684346437520148,-0.13053679481145525,-0.3985983305418491,-1.9114938628352072,-0.16158019766403034,-0.17193376341218466,-0.8053627923609559,-0.1949335617314453,-0.25987964269562147,-1.154044881929783,-0.2351535857629974,-0.30432702905704123,-1.3947966513658192,-0.25256531974815444,-0.3427668264565016,-1.6183275469787393,-0.2731583151199456
0.0,0.0,0.0,-0.22954289736276132,-0.31931997079822944,0.1373775950147348,-0.2842932856718883,-0.618419823169544,0.15537779952538774,-0.3461951878936691,-0.8049459684773974,0.13145259209553206,-0.4283415306504719,-0.986296898363984,0.09681459639087975,-0.12475877792673239,-0.9846763743075037,0.11927481023223233,-0.3749553174843442,-1.1665088615813841,0.06893943153757635,-0.5418397831204342,-1.0862202597597135,0.009242220448194774,-0.6495415378678983,-0.995267583843684,-0.02955161274203522,-0.0853093362383066,-0.9963302259058398,0.006956874082363623,-0.32268517360529375,-1.343164301643429,-0.022009541044916262,-0.46777723390963216,-1.5434751798117787,-0.0644531477741894,-0.5638680823709828,-1.702843706978178,-0.11056214039988342,-0.09554578900100723,-0.9094473815689837,-0.1049532612822349,-0.2530634953299783,-1.4051064014915793,-0.13530435186493367,-0.34658800520452154,-1.694535315555221,-0.16309046498298374,-0.3999277112434318,-1.9288893090806403,-0.19817583101136382,-0.16019497001133007,-0.8048838911303455,-0.20534619710195431,-0.2474781623535988,-1.1555258523957783,-0.24959860638238923,-0.29350800636180174,-1.4058371841623647,-0.2682668674576159,-0.3356827453519447,-1.639914170247333,-0.2897109018413428
0.0,0.0,0.0,-0.2399713171740627,-0.332210383880812,0.15999113135684062,-0.2922371815228238,-0.6206588587061966,0.192092103487987,-0.357882270424935,-0.8015064853708569,0.17976660539854752,-0.44262676629301057,-0.9783509655100512,0.15687632963546272,-0.14336617464799836,-0.989753702214513,0.13540187513552385,-0.39234497610780855,-1.1652255651526113,0.09018246433976362,-0.555984615780218,-1.0753311754334378,0.034622726472785824,-0.655733628256707,-0.9806436509544167,-0.0022704906067165915,-0.10010637847291291,-0.9948460412249753,0.016126600634744574,-0.3364451658808918,-1.3655943978789302,-0.0071056077158557635,-0.4793571731572674,-1.585922318749704,-0.04900879065283611,-0.5694063236957243,-1.7606344375612415,-0.09751959993165171,-0.10937766420747828,-0.9036035128133769,-0.10019971214432404,-0.26059031354401124,-1.4095309944735097,-0.12539343327474908,-0.354683475556294,-1.6936390857985975,-0.15024096557903183,-0.4046159918140542,-1.9236247898486962,-0.18483791110000453,-0.175341985230935,-0.8035153414956738,-0.20302167517292397,-0.26204506524527593,-1.1567708703292063,-0.247283484433581,-0.30814578453826713,-1.403884551039495,-0.2681747283493475,-0.3475045965587861,-1.6330315121395946,-0.291769937115497
0.0,0.0,0.0,-0.22855665728227295,-0.3250694818348729,0.14278604633192585,-0.2871413492251394,-0.6236474161025819,0.16572128698823277,-0.3561129725860307,-0.8126885954463609,0.14644124576844986,-0.4448663426279058,-0.9929814456719254,0.11597012874811502,-0.1295705319289699,-0.9811068465131106,0.13102264744973188,-0.37642025516781924,-1.158648838426753,0.08784066264508249,-0.5408587974961507,-1.098625405851826,0.03312088307217122,-0.6448388307858014,-1.0274216730895795,-0.0030578681802954756,-0.08990533501179632,-0.9957892336631561,0.017911807752456117,-0.32196610522403,-1.3550242217585933,-0.0005058354042473356,-0.457738224158236,-1.5715547375328602,-0.03705363617558929,-0.5472987395466054,-1.7471685151304237,-0.08133423653482483,-0.10020514983870857,-0.9089236598910181,-0.0949590434635178,-0.25957218968558526,-1.4035686252773736,-0.1202999556017586,-0.3527328488508627,-1.6903536068658453,-0.14683955657928183,-0.4066509278642243,-1.9257589450882697,-0.1823679056743587,-0.1657370860277177,-0.8007548380442789,-0.19600584340319466,-0.2522367701171828,-1.148312758786331,-0.23864678099539502,-0.29666582639114975,-1.3948901920287728,-0.25845630875209125,-0.33872936332132486,-1.6245607260969457,-0.28173317813342974
0.0,0.0,0.0,-0.23629457776849766,-0.30420784861838623,0.1564356379045379,-0.28756806614747066,-0.5967596932446194,0.1870463428493925,-0.3448612790388568,-0.7705160778533795,0.17478461049745847,-0.4254786839610182,-0.9345419405904637,0.15069113690461264,-0.13607263929952862,-0.9897394974892042,0.13115804617573604,-0.37979888124644356,-1.200900703368198,0.09191528415195828,-0.5418048103292671,-1.1417359806613536,0.04430739069745334,-0.640508979108771,-1.0719862417164299,0.012917492065947228,-0.09911611038367044,-0.9949582971618373,0.015296521540180606,-0.3486471945689112,-1.3187355369120095,-0.010220974283862733,-0.5008185842593782,-1.4886596864752137,-0.04811867437552444,-0.5961763694330974,-1.628908936348592,-0.08895063631987357,-0.10721034502295684,-0.907050703972736,-0.09723661235573389,-0.267535278471472,-1.3839152514851178,-0.1258666293662555,-0.3652803311962983,-1.6773658961012776,-0.15510243767068235,-0.4170838759439666,-1.9158574286289307,-0.18998027763381226,-0.16994630237496589,-0.8107383340012906,-0.19548718972759455,-0.2590002028781301,-1.162925044416708,-0.24137495196258102,-0.3062892059779858,-1.4065088035061564,-0.2638396148970068,-0.34264760897628127,-1.6373228763394376,-0.2867537785209949
0.0,0.0,0.0,-0.22850696328939735,-0.31980783807248814,0.14018240366114434,-0.2818926537212909,-0.614695911790232,0.1629907726074918,-0.343982559289997,-0.8013269845683609,0.1439224263183897,-0.4250068125004561,-0.9828194927988875,0.1140023846291345,-0.1329847187527176,-0.980232345730515,0.1262451740258851,-0.37730892754471806,-1.144095448359111,0.08023549946907158,-0.5413894528436082,-1.0682505645111275,0.023049836861999344,-0.6453551474190681,-0.9802603609765472,-0.014294368734437795,-0.08904848960390113,-0.9959265677614112,0.014164678825838693,-0.31232330118322593,-1.3661242920216017,-0.007590250098756461,-0.4492746133578621,-1.5972483462111813,-0.047924665296020984,-0.5382470760803205,-1.7795146233565777,-0.09480242549387329,-0.09796200704983891,-0.904573519657811,-0.0974142127831673,-0.25067494025307213,-1.4052592561248638,-0.1239245528818458,-0.3421325380067203,-1.6935028443162556,-0.14983691719689413,-0.393840155803086,-1.926821730625241,-0.1845706709228076,-0.16279375256718273,-0.793868635843868,-0.1974498809380968,-0.25163131578972486,-1.1454206913018556,-0.24207891646331756,-0.29654503341423294,-1.3952945579256277,-0.2619642091501917,-0.3384245780880273,-1.62636207410057,-0.2846086990577018
0.0,0.0,0.0,-0.23247562540544367,-0.3252760818581288,0.16515108002050916,-0.2838286756047426,-0.6074662375060823,0.1995400390805445,-0.34389356488711026,-0.7779369141573947,0.1882252573399432,-0.4238765668391067,-0.9422629890871779,0.16571156836594306,-0.1371449911823813,-0.9875139649646417,0.1432547851029623,-0.38841732222980335,-1.1538189815601945,0.0985631204732623,-0.5532961520998975,-1.0660553893227187,0.04234102158277063,-0.6552993353349784,-0.9719531894165371,0.005429839258824277,-0.09723849437791467,-0.9950210635678021,0.02185768211673752,-0.33905799703045353,-1.3444740734077922,-0.0009699219167435616,-0.48267545593486366,-1.5547455358986173,-0.04132796679593471,-0.5726671801491745,-1.7161547374879467,-0.08729014065573974,-0.10851007789971945,-0.9077483590296535,-0.09678731905316117,-0.26398235323602615,-1.4060287380037328,-0.12051552601191001,-0.35826458580091314,-1.6892178825216457,-0.14284356263510228,-0.4088118430317207,-1.9171925902037406,-0.17490021024601604,-0.17287752496257658,-0.8107960132982526,-0.20185211434274444,-0.25791693348249883,-1.162560589823049,-0.24613206058415507,-0.3026901849033979,-1.4090623591819185,-0.2658939863156213,-0.3423093179927881,-1.6383457969617454,-0.2874212547851075
