lm0_x,lm0_y,lm0_z,lm1_x,lm1_y,lm1_z,lm2_x,lm2_y,lm2_z,lm3_x,lm3_y,lm3_z,lm4_x,lm4_y,lm4_z,lm5_x,lm5_y,lm5_z,lm6_x,lm6_y,lm6_z,lm7_x,lm7_y,lm7_z,lm8_x,lm8_y,lm8_z,lm9_x,lm9_y,lm9_z,lm10_x,lm10_y,lm10_z,lm11_x,lm11_y,lm11_z,lm12_x,lm12_y,lm12_z,lm13_x,lm13_y,lm13_z,lm14_x,lm14_y,lm14_z,lm15_x,lm15_y,lm15_z,lm16_x,lm16_y,lm16_z,lm17_x,lm17_y,lm17_z,lm18_x,lm18_y,lm18_z,lm19_x,lm19_y,lm19_z,lm20_x,lm20_y,lm20_z
0.0,0.0,0.0,-0.0666317343711853,0.1329892873764038,0.01800966796679404,-0.11720550060272217,0.21377411484718323,0.004756364256422785,-0.14497411251068115,0.30483219027519226,-0.02064714419441316,-0.17468363046646118,0.3834715187549591,-0.047041220839787456,-0.22352424263954163,0.03139370679855347,0.024413268763851192,-0.26258593797683716,0.19330021739006042,-0.0013170131879860492,-0.2267671823501587,0.26938435435295105,-0.02804719495372865,-0.1875370442867279,0.29175838828086853,-0.04520627694921586,-0.2212095558643341,0.0021261870861053467,-0.0035855767947623463,-0.2693968117237091,0.20249447226524353,-0.02492212156550977,-0.22015315294265747,0.285176545381546,-0.0428776389618406,-0.17905083298683167,0.2876330316066742,-0.05606185111003015,-0.20395427942276,-0.001982778310775757,-0.0332646018524656,-0.2548510432243347,0.17647621035575867,-0.04995617481665704,-0.21161514520645142,0.26091596484184265,-0.05095516356425378,-0.16879287362098694,0.2653075158596039,-0.05194988685445878,-0.17852801084518433,0.02169901132583618,-0.06258674549656007,-0.22270667552947998,0.15980544686317444,-0.07438563394146058,-0.19697526097297668,0.22621384263038635,-0.07014152991371247,-0.16421136260032654,0.23057779669761658,-0.06600175636606309
0.0,0.0,0.0,-0.06587141752243042,0.13240528106689453,0.018040759931636785,-0.11687678098678589,0.21329030394554138,0.005370832491053079,-0.14517128467559814,0.30481448769569397,-0.01917330876426604,-0.1741151511669159,0.3829357326030731,-0.04444202550189402,-0.22296008467674255,0.03290209174156189,0.023889502953124975,-0.2644146978855133,0.19387075304985046,-0.00125721238987353,-0.2262653410434723,0.26772865653038025,-0.027146793459223773,-0.18630856275558472,0.28566667437553406,-0.04366553344266322,-0.22039911150932312,0.002918452024459839,-0.003617533272745277,-0.2701764702796936,0.20370718836784363,-0.024541338462995554,-0.21914827823638916,0.28413012623786926,-0.04118876301185992,-0.17745959758758545,0.28180286288261414,-0.0531148887469044,-0.20275673270225525,-0.0020970404148101807,-0.03268827639953997,-0.2559129595756531,0.17668071389198303,-0.04881703995602038,-0.21130159497261047,0.2583529055118561,-0.04772473268644717,-0.16808998584747314,0.257630318403244,-0.046949715842174555,-0.17712607979774475,0.02061021327972412,-0.06138873987333682,-0.2240167260169983,0.15991833806037903,-0.07239857830541041,-0.19712412357330322,0.22437283396720886,-0.06632745035426524,-0.1632293462753296,0.2235981523990631,-0.06058596961634066
0.0,0.0,0.0,-0.06567388772964478,0.13336491584777832,0.016244976560869873,-0.11653870344161987,0.2142532467842102,0.0025917878498376012,-0.14466291666030884,0.3052061200141907,-0.022727557678422272,-0.17403805255889893,0.3836587071418762,-0.04878584224422866,-0.2233431041240692,0.03253588080406189,0.021700131486454666,-0.2649250328540802,0.19323676824569702,-0.004306980163505614,-0.22722506523132324,0.2680101990699768,-0.030503918637236893,-0.18754273653030396,0.2869555950164795,-0.04715066704591209,-0.22063207626342773,0.0023976266384124756,-0.005253567580780327,-0.2706247568130493,0.20216596126556396,-0.02723948586424285,-0.21969467401504517,0.28442835807800293,-0.04437686059316093,-0.17858105897903442,0.2837095260620117,-0.0565735504372924,-0.20312678813934326,-0.002374976873397827,-0.03393718156655723,-0.25622186064720154,0.175825297832489,-0.051326978240808785,-0.21192657947540283,0.259806752204895,-0.05140246007283622,-0.16883903741836548,0.26104164123535156,-0.051301303540071785,-0.17780837416648865,0.020687580108642578,-0.062322023545107186,-0.22439473867416382,0.15884459018707275,-0.07435238662799293,-0.19774842262268066,0.22483724355697632,-0.06930886510451728,-0.16412398219108582,0.2256670594215393,-0.06429746303399497
0.0,0.0,0.0,-0.06622570753097534,0.13349580764770508,0.01585223089119836,-0.11662811040878296,0.21485912799835205,0.001792666676067256,-0.14471590518951416,0.3059818744659424,-0.023885042116432942,-0.17438310384750366,0.383647620677948,-0.05033697997072295,-0.22310534119606018,0.03174811601638794,0.022194811433166706,-0.2638669013977051,0.19315743446350098,-0.004135098483800448,-0.22793692350387573,0.26902782917022705,-0.031220975041776455,-0.188398540019989,0.2913548946380615,-0.04843250726202086,-0.2204735279083252,0.002220451831817627,-0.004542314622938193,-0.2698799967765808,0.20315062999725342,-0.026496496692686833,-0.2205328643321991,0.28505122661590576,-0.04477774043419913,-0.1789298951625824,0.2872425317764282,-0.05797191400864676,-0.2031177282333374,-0.001971691846847534,-0.03305353660920218,-0.25540482997894287,0.17660969495773315,-0.05014249374011115,-0.21235671639442444,0.2600622773170471,-0.05124596942999915,-0.1690666377544403,0.2640068531036377,-0.052007537976294316,-0.1777079999446869,0.021376609802246094,-0.061330926314383305,-0.22358810901641846,0.15876901149749756,-0.07322638173440055,-0.19809532165527344,0.22478514909744263,-0.06888939876893119,-0.16505149006843567,0.22887706756591797,-0.06447923620083884
0.0,0.0,0.0,-0.06577074527740479,0.1338522732257843,0.016360177777471563,-0.11647957563400269,0.21529033780097961,0.003051255250113627,-0.14482420682907104,0.3063261806964874,-0.021780385516819933,-0.17457738518714905,0.3824252784252167,-0.04729963361495493,-0.2227797508239746,0.03246864676475525,0.022449853949012777,-0.2641904056072235,0.1952190101146698,-0.002877135409278253,-0.22677499055862427,0.2696181833744049,-0.028956753082809428,-0.18659919500350952,0.2891921103000641,-0.04552367597096918,-0.2202836573123932,0.002351522445678711,-0.0041463974604880605,-0.2700323164463043,0.20557662844657898,-0.025244538553295115,-0.21957919001579285,0.2858445346355438,-0.04245922609442232,-0.17778578400611877,0.28530415892601013,-0.05482777475589273,-0.20300480723381042,-0.002116084098815918,-0.032372015409407595,-0.2556755244731903,0.1787998378276825,-0.04884111031168459,-0.21141034364700317,0.2598899304866791,-0.048631223730978945,-0.16790345311164856,0.26056739687919617,-0.0484201376067972,-0.17760655283927917,0.021108418703079224,-0.060317012362418154,-0.22426873445510864,0.16051289439201355,-0.07199419929855821,-0.19765207171440125,0.22467771172523499,-0.06672474636906145,-0.1639895737171173,0.22562584280967712,-0.06145111366384981
0.0,0.0,0.0,-0.06422162055969238,0.131883442401886,0.013613165618210132,-0.11536705493927002,0.21270298957824707,-0.0008026422291891322,-0.14405477046966553,0.30408620834350586,-0.026162271125883763,-0.17414525151252747,0.38255196809768677,-0.052078903390736286,-0.22194552421569824,0.03457304835319519,0.0187428642821601,-0.264171838760376,0.1953393816947937,-0.007941981515557472,-0.22671723365783691,0.27015894651412964,-0.03450192950543851,-0.1867171823978424,0.2891799211502075,-0.05116622961935491,-0.21920821070671082,0.004455983638763428,-0.00658319212374181,-0.2699519693851471,0.2039189338684082,-0.02899537674960584,-0.2189975082874298,0.28551816940307617,-0.04622450910386533,-0.1776033341884613,0.2847203016281128,-0.05833541668829412,-0.20182311534881592,-0.0008040368556976318,-0.03373069010552854,-0.25605738162994385,0.17649847269058228,-0.05148964442190618,-0.21163347363471985,0.25864458084106445,-0.05150353602942914,-0.16796395182609558,0.2585548162460327,-0.05113342843827695,-0.17647552490234375,0.021773159503936768,-0.06074704669293851,-0.22462719678878784,0.15795183181762695,-0.0729463479655692,-0.1978541910648346,0.22232168912887573,-0.06773484565195531,-0.16359758377075195,0.2216475009918213,-0.06244917653378934
0.0,0.0,0.0,-0.0646253228187561,0.13324233889579773,0.017184591339685085,-0.1155579686164856,0.21279051899909973,0.00421044086084521,-0.14397776126861572,0.3025082051753998,-0.020382092846773503,-0.1735939085483551,0.38023319840431213,-0.0458878870589956,-0.22115391492843628,0.03140518069267273,0.021345632569648387,-0.2632739245891571,0.1917268931865692,-0.004134635953448651,-0.22671392560005188,0.2689092457294464,-0.030009634373925564,-0.18653345108032227,0.29009369015693665,-0.046434875158809064,-0.21877789497375488,0.0025713443756103516,-0.005789780104748843,-0.26976698637008667,0.20121243596076965,-0.026806516153953908,-0.22037646174430847,0.28426048159599304,-0.04341342630817735,-0.1786668598651886,0.2852843105792999,-0.0554800960703119,-0.2017202377319336,-0.0013962090015411377,-0.03445684867932641,-0.2559366226196289,0.17612490057945251,-0.05123105230762803,-0.21207678318023682,0.25960782170295715,-0.051027405588172314,-0.16887664794921875,0.261150985956192,-0.051018710760615704,-0.1767956018447876,0.022714883089065552,-0.06270681279733026,-0.22411653399467468,0.15970101952552795,-0.07471122550799691,-0.19707179069519043,0.22405055165290833,-0.0693670507056936,-0.16299757361412048,0.22430798411369324,-0.06423569428756082
0.0,0.0,0.0,-0.0639791488647461,0.12978172302246094,0.011911155046561817,-0.11506915092468262,0.20971378684043884,-0.0032698224804903475,-0.1442006230354309,0.30245235562324524,-0.02894484498943939,-0.17367199063301086,0.3829575479030609,-0.05504241646673336,-0.22136816382408142,0.03195205330848694,0.01827413155291424,-0.2629642188549042,0.19345930218696594,-0.008599906837901017,-0.22582241892814636,0.2677994668483734,-0.035932358963748356,-0.1857730746269226,0.2872093617916107,-0.053181067718526265,-0.21886476874351501,0.003056555986404419,-0.005871092113068244,-0.2689327299594879,0.20306500792503357,-0.02816461087610378,-0.21879318356513977,0.2838551104068756,-0.04602404744770183,-0.1778353750705719,0.28334328532218933,-0.05881210477497234,-0.20169681310653687,-0.0009725391864776611,-0.03192096264507427,-0.2563200891017914,0.17613711953163147,-0.04965361268665447,-0.21231421828269958,0.25720301270484924,-0.04982983009364261,-0.16864165663719177,0.2568041980266571,-0.0496535344555582,-0.1766255795955658,0.02304995059967041,-0.05797582180645122,-0.22489911317825317,0.1597578227519989,-0.07009238810684337,-0.19782140851020813,0.22229155898094177,-0.06476169885542049,-0.16321328282356262,0.22026696801185608,-0.05941689447905674
0.0,0.0,0.0,-0.06478583812713623,0.13216722011566162,0.015412707910570589,-0.11620122194290161,0.21441248059272766,0.0023363955362469824,-0.14390623569488525,0.3081893026828766,-0.0215384772935181,-0.1714749038219452,0.38643619418144226,-0.0460250730582743,-0.2255031168460846,0.03420177102088928,0.01999226781043717,-0.2654675543308258,0.19983956217765808,-0.004807241163518938,-0.2242872714996338,0.2718053162097931,-0.030650360412266764,-0.18359321355819702,0.28704211115837097,-0.04731371802773765,-0.22307255864143372,0.00310632586479187,-0.005807043421384606,-0.2715868055820465,0.20668557286262512,-0.026488855383661303,-0.2179626226425171,0.2847355902194977,-0.04301872653451255,-0.17543438076972961,0.2803654372692108,-0.05487538678136161,-0.20479345321655273,-0.002752155065536499,-0.03297062767234138,-0.2581843137741089,0.1765824258327484,-0.04924272549834541,-0.21115317940711975,0.2564685046672821,-0.047747203982737574,-0.1674763560295105,0.2531334459781647,-0.046550666815903696,-0.17802417278289795,0.019734591245651245,-0.05980145735230735,-0.2261655032634735,0.16001436114311218,-0.07123273787584594,-0.19613605737686157,0.22100070118904114,-0.06426279423322967,-0.16068091988563538,0.21415695548057556,-0.05757942599740318
0.0,0.0,0.0,-0.06532931327819824,0.1337185800075531,0.016501828526315876,-0.11468774080276489,0.21898126602172852,0.0036456950113006314,-0.14157843589782715,0.31448042392730713,-0.020743668581189922,-0.1693689227104187,0.393307089805603,-0.04583517325932007,-0.22578135132789612,0.03829836845397949,0.02393548885470409,-0.2646169066429138,0.20453250408172607,-0.0016141070880166808,-0.22338226437568665,0.2736406922340393,-0.028649028892459683,-0.18254923820495605,0.286185085773468,-0.04595192758256417,-0.22351950407028198,0.008486747741699219,-0.0026681456145070115,-0.27135413885116577,0.21325570344924927,-0.023814438412728123,-0.21683788299560547,0.28891414403915405,-0.04111751777941208,-0.17368364334106445,0.281116247177124,-0.05337650565320473,-0.20595932006835938,0.00264054536819458,-0.030989550555887035,-0.2584270238876343,0.18453198671340942,-0.04759860647732239,-0.2104250192642212,0.2618957757949829,-0.04663684083038788,-0.1654999852180481,0.2550327777862549,-0.04555921492988091,-0.17980849742889404,0.02340233325958252,-0.05901501191669922,-0.22720938920974731,0.16559720039367676,-0.07012172279769402,-0.19702520966529846,0.22561579942703247,-0.06323119489366036,-0.16121631860733032,0.21692049503326416,-0.05657612768823128
0.0,0.0,0.0,-0.06834208965301514,0.13820067048072815,0.021602627227650828,-0.11900883913040161,0.22032946348190308,0.01072494533156032,-0.14720049500465393,0.31486058235168457,-0.013210505840731912,-0.1725243330001831,0.39734965562820435,-0.03829629499222165,-0.22503727674484253,0.03949221968650818,0.031238174403654284,-0.2650812864303589,0.20415562391281128,0.007020024920450396,-0.22528398036956787,0.27679479122161865,-0.018719536845935636,-0.18332257866859436,0.2917299270629883,-0.035015081649078184,-0.2232099175453186,0.010252535343170166,0.0014587216895165511,-0.27302655577659607,0.21352869272232056,-0.018916157667888456,-0.21926218271255493,0.2919265627861023,-0.035476958041442685,-0.17519691586494446,0.2851022481918335,-0.04678346369172459,-0.2062774896621704,0.004777103662490845,-0.030010878702057653,-0.2585143446922302,0.18688666820526123,-0.046630745415939145,-0.21098899841308594,0.267949640750885,-0.04575424421335583,-0.16595211625099182,0.2639122009277344,-0.04440120760108357,-0.18043464422225952,0.02843552827835083,-0.06082569587732678,-0.22797361016273499,0.17241257429122925,-0.07178347337747937,-0.19779044389724731,0.2344348430633545,-0.06463967043663388,-0.16043969988822937,0.22828221321105957,-0.057800134306205564
0.0,0.0,0.0,-0.06780105829238892,0.13782405853271484,0.02499892687683314,-0.11869972944259644,0.21881788969039917,0.015705150871326623,-0.1463342308998108,0.30787116289138794,-0.007370402251581254,-0.17357778549194336,0.38662558794021606,-0.03196114549155027,-0.22545009851455688,0.040668606758117676,0.03145366287117213,-0.26596325635910034,0.20451420545578003,0.006971297173549829,-0.2254183292388916,0.2777949571609497,-0.018226907269308867,-0.18331491947174072,0.2916628122329712,-0.03397660949940473,-0.22322887182235718,0.01019442081451416,-0.0002756211915766471,-0.2740321457386017,0.21232831478118896,-0.020565357671330275,-0.21952447295188904,0.29337620735168457,-0.03580526137466222,-0.17525017261505127,0.2862260341644287,-0.04605053240175039,-0.2056281864643097,0.0041123926639556885,-0.033393154532859626,-0.2594551742076874,0.18708372116088867,-0.04958277443165571,-0.21019679307937622,0.26791346073150635,-0.046478631586978736,-0.16521906852722168,0.259982705116272,-0.04375010231251508,-0.17916476726531982,0.026714086532592773,-0.06564189741129667,-0.22803932428359985,0.1704005002975464,-0.0763067329835394,-0.19689103960990906,0.23239105939865112,-0.06762091317887098,-0.1600753366947174,0.22241228818893433,-0.059642730892846885
0.0,0.0,0.0,-0.06617206335067749,0.13634443283081055,0.023026365714088115,-0.1151200532913208,0.2163926064968109,0.012374115103796157,-0.1416131556034088,0.30499467253685,-0.011663466764673558,-0.16946765780448914,0.38211533427238464,-0.03742638237594065,-0.2221440076828003,0.03767317533493042,0.029441958220616016,-0.26161688566207886,0.20028945803642273,0.004756801223322782,-0.22325503826141357,0.27511563897132874,-0.021431112734660474,-0.18257561326026917,0.29421159625053406,-0.03815790273068842,-0.22009405493736267,0.009012043476104736,-0.0010497649927287966,-0.2686934173107147,0.20974597334861755,-0.02158048383711275,-0.21679124236106873,0.29088082909584045,-0.0390037261676639,-0.17396342754364014,0.28890088200569153,-0.05158022798417505,-0.20287856459617615,0.004650205373764038,-0.032901890648588505,-0.255634069442749,0.18458136916160583,-0.04982281483529505,-0.20873090624809265,0.26680901646614075,-0.04964811734674868,-0.1642681360244751,0.26454296708106995,-0.04936296127556261,-0.17735585570335388,0.027658790349960327,-0.06386720396398005,-0.22496184706687927,0.16952678561210632,-0.0753472597133964,-0.19485893845558167,0.23123541474342346,-0.06880057610391077,-0.15903636813163757,0.22486665844917297,-0.06279377646563944
0.0,0.0,0.0,-0.06430584192276001,0.13370808959007263,0.023152838791759223,-0.11561447381973267,0.21292585134506226,0.013943721870930403,-0.14327472448349,0.299546480178833,-0.008821836342065126,-0.17199096083641052,0.3759310841560364,-0.03303294130131462,-0.22111743688583374,0.036318421363830566,0.031733335326464385,-0.2633737027645111,0.19407325983047485,0.007540561123789757,-0.22590893507003784,0.2707989811897278,-0.017133858655540735,-0.1847134232521057,0.28970867395401,-0.03246908136173943,-0.21874168515205383,0.007847249507904053,0.0009454414062588512,-0.2700467109680176,0.2041022777557373,-0.019451792021243364,-0.21813726425170898,0.28672266006469727,-0.03553638853594521,-0.17546901106834412,0.2844628691673279,-0.04627827428743103,-0.20255061984062195,0.0024782419204711914,-0.0315511921839402,-0.2557114362716675,0.18001258373260498,-0.04892706372305611,-0.20875215530395508,0.2620999813079834,-0.04847469054624298,-0.1643974483013153,0.2599114179611206,-0.04728177063628891,-0.1779734492301941,0.024528980255126953,-0.0632497655646489,-0.22628074884414673,0.16324961185455322,-0.07548839472696045,-0.1966145634651184,0.2259414792060852,-0.06918021165296295,-0.1601589024066925,0.22163629531860352,-0.06280231349632004
0.0,0.0,0.0,-0.06490683555603027,0.1337352991104126,0.022886844486720292,-0.11474812030792236,0.21288597583770752,0.012632699818141191,-0.1428760588169098,0.29973000288009644,-0.011164182662241728,-0.1717056930065155,0.37837517261505127,-0.036246854677074225,-0.22185352444648743,0.03851178288459778,0.03197716189993116,-0.26254087686538696,0.198594331741333,0.007669485774613349,-0.22247576713562012,0.27081459760665894,-0.017778538032644065,-0.18133360147476196,0.28423935174942017,-0.03391153724419382,-0.21991965174674988,0.009317576885223389,0.0014451231293151068,-0.26876652240753174,0.20950394868850708,-0.018608424677722724,-0.2148398458957672,0.2878303527832031,-0.03452673540937212,-0.17320114374160767,0.27924585342407227,-0.04568763063775805,-0.20381486415863037,0.004053026437759399,-0.030811525746457846,-0.25619733333587646,0.18397969007492065,-0.04687074558364657,-0.20828551054000854,0.2618946433067322,-0.04478861005532053,-0.16416716575622559,0.25348877906799316,-0.0431446208201578,-0.17970842123031616,0.025823652744293213,-0.06248758347260264,-0.22695434093475342,0.16600173711776733,-0.07330848263131884,-0.19648507237434387,0.22501063346862793,-0.06593611822950152,-0.16067659854888916,0.214286208152771,-0.05920230583774355
0.0,0.0,0.0,-0.06363570690155029,0.13218072056770325,0.020980867988782848,-0.11369282007217407,0.21110957860946655,0.009719836025851691,-0.14201796054840088,0.2968592643737793,-0.014334763900023972,-0.17016416788101196,0.3747691512107849,-0.03959178229479221,-0.22009599208831787,0.03623324632644653,0.02760477314086529,-0.26136118173599243,0.19425278902053833,0.003160613322052086,-0.22385671734809875,0.26960641145706177,-0.021911673747581517,-0.1831461489200592,0.2876872420310974,-0.03770185684470562,-0.21790790557861328,0.007032275199890137,-0.0017947448991435522,-0.26754990220069885,0.2045990228652954,-0.02160833267180351,-0.2164245843887329,0.2851954698562622,-0.037074775003475224,-0.17513129115104675,0.28114378452301025,-0.04800724660663036,-0.2011474072933197,0.002142399549484253,-0.0327781481078091,-0.2542632222175598,0.17955386638641357,-0.04887843554524807,-0.2086818516254425,0.25891607999801636,-0.04676014234928516,-0.16525986790657043,0.2534030079841614,-0.04508596336154369,-0.17648032307624817,0.025246739387512207,-0.0632233214905682,-0.22414985299110413,0.165782630443573,-0.07454003071097759,-0.19518554210662842,0.22519177198410034,-0.067489963524622,-0.16001254320144653,0.215894877910614,-0.060864847653192555
0.0,0.0,0.0,-0.06319737434387207,0.134354829788208,0.02043572976089081,-0.11285638809204102,0.2149607539176941,0.009489823829596844,-0.13971400260925293,0.30167466402053833,-0.014129647288257274,-0.1680043637752533,0.3789553642272949,-0.03893612534903923,-0.22149509191513062,0.03839844465255737,0.028418946776753273,-0.26073533296585083,0.1996450424194336,0.003499957964038458,-0.22186675667762756,0.271928071975708,-0.022385899211997184,-0.1814260184764862,0.2865520715713501,-0.03874604241156021,-0.2191314995288849,0.010884463787078857,-0.0006962031491752896,-0.26642078161239624,0.20967477560043335,-0.021110572155350837,-0.2142443060874939,0.28727853298187256,-0.03751218901180664,-0.17258110642433167,0.28082501888275146,-0.04905419633888641,-0.2025999128818512,0.006869107484817505,-0.03157916129731575,-0.25385087728500366,0.18463033437728882,-0.04843215109013954,-0.2070515751838684,0.26172566413879395,-0.0476107059528772,-0.1633422076702118,0.254966676235199,-0.04666589410209099,-0.1777951419353485,0.02886924147605896,-0.061946729432577285,-0.22480237483978271,0.1664605736732483,-0.07378389896058479,-0.19505074620246887,0.22525644302368164,-0.06743466318749824,-0.1595841944217682,0.21678173542022705,-0.0612222610523645
0.0,0.0,0.0,-0.06186908483505249,0.133421391248703,0.019770742273465203,-0.1113821268081665,0.21252423524856567,0.008089763923123883,-0.13882163166999817,0.29717713594436646,-0.016068571367725326,-0.1679370105266571,0.372319757938385,-0.04142580472813506,-0.21870484948158264,0.035878777503967285,0.024472740358248757,-0.26059266924858093,0.19431662559509277,-0.0010208912468101516,-0.22294902801513672,0.27078598737716675,-0.026249460065230323,-0.18174424767494202,0.2891109585762024,-0.04193007119880576,-0.2158643901348114,0.006479024887084961,-0.004680028771474554,-0.2675684988498688,0.203405499458313,-0.025929779866203262,-0.21613427996635437,0.28616172075271606,-0.04192491167174239,-0.1737409234046936,0.2836894989013672,-0.05284842767702003,-0.19898176193237305,0.0015149116516113281,-0.03542094969139953,-0.25263282656669617,0.17859673500061035,-0.052968370848759605,-0.206592857837677,0.2606242895126343,-0.05202701234208007,-0.16266077756881714,0.25758886337280273,-0.050818286025389625,-0.1740189790725708,0.024202466011047363,-0.0655624672113504,-0.22219175100326538,0.16283202171325684,-0.07820698910342117,-0.19300273060798645,0.22495216131210327,-0.0720677702962007,-0.15732687711715698,0.21910208463668823,-0.06590242975340743
0.0,0.0,0.0,-0.062256693840026855,0.13243019580841064,0.018213126087005094,-0.11223995685577393,0.21412056684494019,0.00607638594266291,-0.1392807960510254,0.30286335945129395,-0.018197105056231067,-0.1680079698562622,0.3798906207084656,-0.043344565457289264,-0.22052982449531555,0.03728067874908447,0.024797200435216382,-0.2600233852863312,0.1991298794746399,-0.00012529141639561203,-0.2193642556667328,0.2682963013648987,-0.025586013472263858,-0.17852652072906494,0.27954065799713135,-0.041712597733919665,-0.21799278259277344,0.009044289588928223,-0.0030449191337424963,-0.2653619050979614,0.2087334394454956,-0.023608111566488788,-0.21197542548179626,0.28393274545669556,-0.0395401984216619,-0.1702110767364502,0.2749185562133789,-0.050861936783974215,-0.20103755593299866,0.0044931769371032715,-0.03262139183897261,-0.25252020359039307,0.18367433547973633,-0.049369551962797686,-0.20520272850990295,0.2597804069519043,-0.04805683416742568,-0.16147637367248535,0.25216448307037354,-0.04694011879581694,-0.17585089802742004,0.026215821504592896,-0.061837442940657183,-0.2229364514350891,0.1626628041267395,-0.07362796810883765,-0.19346657395362854,0.22208541631698608,-0.06730878797787909,-0.15822768211364746,0.21448153257369995,-0.0612403645874906
0.0,0.0,0.0,-0.062258005142211914,0.13273391127586365,0.020499218515908524,-0.1116647720336914,0.2139580249786377,0.009465029723799034,-0.1387414038181305,0.30200737714767456,-0.01413364682360907,-0.16691401600837708,0.3783527612686157,-0.038992238901698784,-0.2187274992465973,0.03443115949630737,0.026159836239969536,-0.25978100299835205,0.1959567666053772,0.00207559348069708,-0.2213285267353058,0.27051448822021484,-0.022521244101369575,-0.18058213591575623,0.2878585457801819,-0.03806887354716082,-0.2162868082523346,0.00590139627456665,-0.0029144801387133157,-0.2666776180267334,0.20625752210617065,-0.023049434386336998,-0.21451136469841003,0.2859684228897095,-0.038662986569249824,-0.17226791381835938,0.28232675790786743,-0.049485655240857795,-0.19960129261016846,0.0015966296195983887,-0.03344660040005465,-0.25248390436172485,0.1812952756881714,-0.04989433821305056,-0.2056998610496521,0.2609701156616211,-0.04847044657930155,-0.1620917022228241,0.25755518674850464,-0.047105820588910774,-0.17455452680587769,0.024532794952392578,-0.06333309944733401,-0.2220701277256012,0.16402852535247803,-0.07513839539154787,-0.1922900676727295,0.22556626796722412,-0.06852225001915713,-0.1568295657634735,0.22038626670837402,-0.062087742351138786
0.0,0.0,0.0,-0.06163787841796875,0.133278489112854,0.020848566814493097,-0.11182057857513428,0.2144794464111328,0.01032654490245477,-0.13893911242485046,0.301194965839386,-0.012750324644912325,-0.16760584712028503,0.37652403116226196,-0.036997470856476866,-0.21933823823928833,0.0366266667842865,0.026065796761940874,-0.260668009519577,0.19624656438827515,0.00208838671369449,-0.22091323137283325,0.2703056335449219,-0.02229271255509957,-0.17962881922721863,0.2850267291069031,-0.037707276494074904,-0.21647605299949646,0.007372498512268066,-0.003107934576291882,-0.2663572132587433,0.20401591062545776,-0.022595818937588774,-0.2142798900604248,0.28444457054138184,-0.037889674157668196,-0.17195501923561096,0.2792590260505676,-0.04878792896943196,-0.1996099352836609,0.002722233533859253,-0.03372600287275418,-0.2525688111782074,0.17940384149551392,-0.04966177031474217,-0.20602267980575562,0.26021260023117065,-0.048222612441350066,-0.16226813197135925,0.2559230327606201,-0.04713489845471486,-0.1744047999382019,0.025063633918762207,-0.06369001776056393,-0.22285932302474976,0.16256564855575562,-0.07489179432468518,-0.19333279132843018,0.22396481037139893,-0.06801175683813199,-0.15749341249465942,0.21735036373138428,-0.0615838950880061
0.0,0.0,0.0,-0.06235593557357788,0.13454893231391907,0.020650682421887723,-0.11260461807250977,0.21666333079338074,0.009947921531761494,-0.1390255093574524,0.30450639128685,-0.013355441009139213,-0.16728287935256958,0.38122817873954773,-0.03784644472364107,-0.21969246864318848,0.03828921914100647,0.026739095720017758,-0.26047641038894653,0.197933167219162,0.0028408727706619175,-0.22040921449661255,0.2710820734500885,-0.02205529491368452,-0.1792619824409485,0.286045104265213,-0.03798435124519983,-0.21723279356956482,0.008601158857345581,-0.0023214715434960453,-0.265640527009964,0.20672765374183655,-0.021865195212399158,-0.21337375044822693,0.28578707575798035,-0.03808555248144785,-0.17150986194610596,0.28020814061164856,-0.049863940653835925,-0.200590580701828,0.0039253830909729,-0.032872094390427264,-0.2530512809753418,0.18097105622291565,-0.04896578806403795,-0.20661640167236328,0.26197126507759094,-0.048408205238615665,-0.16266781091690063,0.25875356793403625,-0.04803306850556055,-0.17564168572425842,0.026789337396621704,-0.06276673692229906,-0.2235935926437378,0.16363462805747986,-0.07424718010190645,-0.19435465335845947,0.22562924027442932,-0.06803174185517946,-0.15860062837600708,0.22069832682609558,-0.0621669502830855
0.0,0.0,0.0,-0.062146782875061035,0.13293251395225525,0.021280523309258115,-0.11148840188980103,0.2145615816116333,0.010405058892217767,-0.13819178938865662,0.30200302600860596,-0.01307041392311703,-0.16670536994934082,0.3782004714012146,-0.037888631304952014,-0.21862658858299255,0.03703919053077698,0.025340408006456983,-0.2599417567253113,0.19662624597549438,0.0011357971595202798,-0.22175586223602295,0.27305495738983154,-0.023361722087713588,-0.18130266666412354,0.2913922071456909,-0.03882083677336823,-0.21575653553009033,0.007602393627166748,-0.004114753181340802,-0.2658526301383972,0.20535564422607422,-0.02400948674068104,-0.21458962559700012,0.2879161238670349,-0.039428141048404086,-0.1727619767189026,0.28535836935043335,-0.0503589660732473,-0.19875603914260864,0.003027200698852539,-0.03488471367046486,-0.2517169713973999,0.17954730987548828,-0.0510761328844751,-0.20582616329193115,0.2615739703178406,-0.049590136936160434,-0.16244754195213318,0.2589762210845947,-0.0484128744213308,-0.1737276315689087,0.026161789894104004,-0.06490449987933289,-0.22210195660591125,0.16365540027618408,-0.07645479970261704,-0.19255897402763367,0.22510308027267456,-0.06958938770577561,-0.15681442618370056,0.21898001432418823,-0.06309347235247742
0.0,0.0,0.0,-0.06166732311248779,0.13325941562652588,0.0188025864566157,-0.11157393455505371,0.2151150107383728,0.006759515011538042,-0.1384757161140442,0.3039018511772156,-0.01748152684621118,-0.16715317964553833,0.3815925121307373,-0.04279445532910131,-0.21861276030540466,0.03929924964904785,0.024084493031580223,-0.2594943940639496,0.1985938549041748,-0.000708191094133781,-0.22077494859695435,0.2720857858657837,-0.025730422252934204,-0.1797332763671875,0.28785842657089233,-0.041397661456983315,-0.2159457504749298,0.009695649147033691,-0.004016233163099514,-0.2651447653770447,0.20781928300857544,-0.024266662562411057,-0.21342048048973083,0.28759998083114624,-0.04010174844614767,-0.17114612460136414,0.2830377221107483,-0.05129860017649435,-0.19916996359825134,0.004688441753387451,-0.03369699467174314,-0.25134336948394775,0.18253940343856812,-0.050075699130218254,-0.20565468072891235,0.2628246545791626,-0.04918132025949262,-0.161698579788208,0.2593393921852112,-0.048351403812091576,-0.1743737757205963,0.027189642190933228,-0.0628871661817243,-0.22207635641098022,0.16334623098373413,-0.07446533117644094,-0.19374319911003113,0.22499960660934448,-0.06828758541695379,-0.15821686387062073,0.220597505569458,-0.06230614010445379
0.0,0.0,0.0,-0.06063002347946167,0.1309792697429657,0.018456827986881308,-0.10978341102600098,0.2118932008743286,0.005761493600800804,-0.13726142048835754,0.3007189631462097,-0.018828723441913553,-0.16594639420509338,0.37985390424728394,-0.04444601745541377,-0.2173801064491272,0.03703799843788147,0.021764231983468108,-0.2583456337451935,0.1964629888534546,-0.0028169807997642238,-0.21937787532806396,0.2688291072845459,-0.02741077901060862,-0.17830026149749756,0.28306013345718384,-0.04291298599179072,-0.2148146629333496,0.008653998374938965,-0.005964565418764778,-0.2641320526599884,0.20693975687026978,-0.025942372020438142,-0.21219521760940552,0.2843913435935974,-0.04083180413778109,-0.17012420296669006,0.2772955894470215,-0.051571465890958734,-0.19780585169792175,0.004684031009674072,-0.035102166097715326,-0.2502238154411316,0.18283092975616455,-0.051108151536539026,-0.20435011386871338,0.2609263062477112,-0.049135919522598215,-0.16071510314941406,0.2550048828125,-0.04787586988146586,-0.17296308279037476,0.027797549962997437,-0.06376213939125819,-0.22010129690170288,0.16449308395385742,-0.07523324699337763,-0.1912839710712433,0.22464096546173096,-0.06871229768927378,-0.15607699751853943,0.218056321144104,-0.06266263486082835
0.0,0.0,0.0,-0.06238287687301636,0.13009235262870789,0.0218304991570335,-0.11287719011306763,0.21133053302764893,0.011403825118861732,-0.1391724944114685,0.3006162643432617,-0.011579861879624787,-0.16708174347877502,0.37844932079315186,-0.03600645811883396,-0.21766644716262817,0.03338536620140076,0.026061914846025047,-0.25824493169784546,0.19168400764465332,0.0035786970832418774,-0.22251394391059875,0.26715826988220215,-0.020109917983688774,-0.1831265091896057,0.28714776039123535,-0.03532077746120876,-0.21507200598716736,0.006575226783752441,-0.0031682383420843507,-0.2663242220878601,0.20157355070114136,-0.020817147583045426,-0.2175494134426117,0.2834606170654297,-0.035643339172281685,-0.1757330298423767,0.2842268943786621,-0.0468238778564114,-0.1980053186416626,0.00342714786529541,-0.0335320234450478,-0.25185513496398926,0.17808258533477783,-0.04776163400737232,-0.2076970636844635,0.25910425186157227,-0.04640590028492397,-0.16487544775009155,0.258586049079895,-0.04603016005484051,-0.17265057563781738,0.027899622917175293,-0.06314365939823574,-0.2216225564479828,0.16058236360549927,-0.07293564455238766,-0.1942923367023468,0.22351163625717163,-0.06606001780954784,-0.15940073132514954,0.2231692671775818,-0.060264706626810494
0.0,0.0,0.0,-0.06193971633911133,0.13085615634918213,0.021767030449154845,-0.11300939321517944,0.20922768115997314,0.01188818642640399,-0.14069727063179016,0.2965155243873596,-0.010465022197422513,-0.16867509484291077,0.3743364214897156,-0.03409233412003232,-0.21911084651947021,0.03516194224357605,0.026646180988791457,-0.2604447901248932,0.1919386386871338,0.004190156681033841,-0.22267210483551025,0.2656959295272827,-0.019090921638962755,-0.18252986669540405,0.2825130224227905,-0.0339950220868559,-0.2168126404285431,0.007467001676559448,-0.0022921997797311633,-0.26666703820228577,0.203505277633667,-0.02040105594551278,-0.2154538929462433,0.2830476760864258,-0.03444077169751836,-0.17392677068710327,0.2794688940048218,-0.0447241263673277,-0.19966721534729004,0.003916800022125244,-0.032487873940226564,-0.252395361661911,0.18032389879226685,-0.04708805030440999,-0.20686057209968567,0.2597138285636902,-0.044888083843943605,-0.1643921434879303,0.2571272850036621,-0.04373345991825772,-0.17435523867607117,0.028449982404708862,-0.061977905242201814,-0.22172293066978455,0.16449016332626343,-0.07205123549556447,-0.1931726634502411,0.2251078486442566,-0.06498573815679265,-0.15871509909629822,0.2211744785308838,-0.058902067153212556
0.0,0.0,0.0,-0.06111347675323486,0.12928423285484314,0.01821021734713213,-0.11154580116271973,0.20817112922668457,0.0056515880764891335,-0.1402875781059265,0.29890650510787964,-0.018708627680553036,-0.1680295169353485,0.38073545694351196,-0.044000774631513195,-0.2200964093208313,0.035442352294921875,0.02201093918620245,-0.26110005378723145,0.19592857360839844,-0.0021821425857524446,-0.22198912501335144,0.2688329219818115,-0.026010489100826817,-0.18136727809906006,0.28302115201950073,-0.040929280231011944,-0.2175714373588562,0.006416410207748413,-0.005520432731373148,-0.2670326232910156,0.20603233575820923,-0.024973521018637257,-0.21422848105430603,0.2852025628089905,-0.03853549436689718,-0.17260140180587769,0.27847641706466675,-0.04818236828805311,-0.20005548000335693,0.0021415352821350098,-0.034525379548085766,-0.25240299105644226,0.18186324834823608,-0.050140358517182904,-0.20616456866264343,0.26034581661224365,-0.04708208889724119,-0.16307371854782104,0.25397586822509766,-0.044966150084746914,-0.1745595932006836,0.026107341051101685,-0.06311316044093473,-0.22225844860076904,0.1639809012413025,-0.07383760810853346,-0.19354930520057678,0.22401022911071777,-0.0665416196084152,-0.1585679054260254,0.2165980339050293,-0.05995543302060469
0.0,0.0,0.0,-0.061830103397369385,0.12996935844421387,0.017620400755845367,-0.11263948678970337,0.20881950855255127,0.004671541738503038,-0.14080750942230225,0.300609827041626,-0.020010051087297143,-0.1700575351715088,0.3816012740135193,-0.045589881718910874,-0.22105875611305237,0.033057838678359985,0.022290847494446098,-0.2615501284599304,0.19390177726745605,-0.0021826524779271494,-0.2233113944530487,0.2674156427383423,-0.02689436520711297,-0.1826479732990265,0.2841780185699463,-0.042498978555954636,-0.21867892146110535,0.005046099424362183,-0.005092115842558087,-0.26882389187812805,0.20592105388641357,-0.02505398425535077,-0.21697711944580078,0.28627240657806396,-0.0404771517522704,-0.17479300498962402,0.28349769115448,-0.05161068844870442,-0.20132297277450562,0.0020641684532165527,-0.033968201608217896,-0.2538354992866516,0.18311697244644165,-0.05013662087992543,-0.208368718624115,0.26302629709243774,-0.04929276067093724,-0.1648944914340973,0.2609226107597351,-0.04878645646647328,-0.17606553435325623,0.027684122323989868,-0.06240272778347844,-0.2230324149131775,0.1647089719772339,-0.0739239368148219,-0.19542136788368225,0.22629588842391968,-0.06833661976531857,-0.16095665097236633,0.22438430786132812,-0.063072985739268
0.0,0.0,0.0,-0.06256014108657837,0.12887579202651978,0.016505820380302794,-0.11261749267578125,0.2083282470703125,0.003000166669266946,-0.14001122117042542,0.3002473711967468,-0.0219276978804146,-0.1688690483570099,0.3809385299682617,-0.04783078871503221,-0.21911242604255676,0.029026180505752563,0.01997335598036898,-0.26052728295326233,0.18813282251358032,-0.004824555309710377,-0.22317788004875183,0.26338261365890503,-0.02978541731670248,-0.18359559774398804,0.28310078382492065,-0.045696100516465776,-0.21634498238563538,0.0014759302139282227,-0.006613438314047926,-0.2665736675262451,0.19950896501541138,-0.027314586861280077,-0.21556824445724487,0.2809410095214844,-0.04372099630370485,-0.174457848072052,0.28083544969558716,-0.05564559839501726,-0.1990964114665985,-0.0007117092609405518,-0.03454718954697,-0.2517393231391907,0.17627966403961182,-0.05144384346738207,-0.2070927917957306,0.25860708951950073,-0.05170347757473337,-0.1639285385608673,0.26029330492019653,-0.05189968488946306,-0.17444056272506714,0.02579188346862793,-0.06196476735010492,-0.22082769870758057,0.16040724515914917,-0.07385473541751253,-0.19336062669754028,0.2230204939842224,-0.06883980922236788,-0.1591028869152069,0.22321665287017822,-0.0640116839839493
0.0,0.0,0.0,-0.06138169765472412,0.12703123688697815,0.012825074527142988,-0.1120380163192749,0.2074407935142517,-0.002148013174803509,-0.1395365595817566,0.3021177053451538,-0.027712435540081515,-0.16794374585151672,0.38485872745513916,-0.0537357340420499,-0.22129181027412415,0.030436575412750244,0.01732490855800961,-0.2616356909275055,0.1936558485031128,-0.008410454806210055,-0.2215120494365692,0.2647795081138611,-0.03358962487828876,-0.18102961778640747,0.2791496515274048,-0.0494012581969514,-0.21892401576042175,0.00260809063911438,-0.007308129765362992,-0.2673876881599426,0.20546001195907593,-0.029113219198109164,-0.21374863386154175,0.2831493020057678,-0.04498358171832706,-0.17246073484420776,0.27717292308807373,-0.056127787646175875,-0.20125404000282288,8.13603401184082e-06,-0.03363765132081653,-0.25277072191238403,0.1811201572418213,-0.05120811712396289,-0.2068060040473938,0.259443998336792,-0.05058264088285114,-0.16375970840454102,0.25547486543655396,-0.04980439048659946,-0.17598113417625427,0.025564640760421753,-0.05982003461969043,-0.22250351309776306,0.16130542755126953,-0.07193194058191921,-0.19443252682685852,0.2211925983428955,-0.06661736693632747,-0.16031718254089355,0.21612977981567383,-0.06129517879736568
0.0,0.0,0.0,-0.061924099922180176,0.12525230646133423,0.01475711310160932,-0.11224198341369629,0.20439934730529785,0.000301856903774933,-0.13930338621139526,0.29840338230133057,-0.025226308462492852,-0.16800200939178467,0.3813909888267517,-0.05165597094344321,-0.22069206833839417,0.026933252811431885,0.018815353083141417,-0.26086533069610596,0.18907999992370605,-0.006289084871582418,-0.2225039005279541,0.2620060443878174,-0.03158303020643416,-0.18274208903312683,0.2796061038970947,-0.04767691386985007,-0.21847674250602722,-0.0003603696823120117,-0.006809138656876712,-0.2666705250740051,0.20130062103271484,-0.027795935479275613,-0.21437883377075195,0.28029000759124756,-0.0441944417183322,-0.17365211248397827,0.2774845361709595,-0.05604758901642981,-0.2012614905834198,-0.0027153491973876953,-0.03386966182040396,-0.2530994117259979,0.17698878049850464,-0.050900858325235276,-0.20772314071655273,0.25664669275283813,-0.05074823690699759,-0.16474926471710205,0.2555299401283264,-0.050545767379276185,-0.1763893961906433,0.023062974214553833,-0.06057489706324759,-0.22337564826011658,0.15880084037780762,-0.07242084337519827,-0.1951553225517273,0.21921974420547485,-0.06694949461268607,-0.16063347458839417,0.21585530042648315,-0.061655331832639604
0.0,0.0,0.0,-0.06228625774383545,0.1225038468837738,0.012654947907890346,-0.1134791374206543,0.20115810632705688,-0.0020020293544575907,-0.1404171884059906,0.29633694887161255,-0.026990007749532197,-0.16757497191429138,0.37909501791000366,-0.05258213556442115,-0.2198435664176941,0.024032652378082275,0.01649834946658757,-0.2610683739185333,0.1836424469947815,-0.008254028997157548,-0.2219221591949463,0.2554183006286621,-0.033079041308496926,-0.1816316843032837,0.27195847034454346,-0.04894762313995216,-0.2177741825580597,-0.0047035813331604,-0.007810384175513718,-0.2670920193195343,0.19361454248428345,-0.028647238529060814,-0.21514892578125,0.2720978260040283,-0.04479390583071563,-0.17384570837020874,0.2691504955291748,-0.05641007623705718,-0.200267493724823,-0.007971584796905518,-0.03359421915445182,-0.2528362274169922,0.16913306713104248,-0.05057977340254638,-0.2080012857913971,0.24915778636932373,-0.05047271600994918,-0.16530844569206238,0.24806851148605347,-0.05024858391914222,-0.17495182156562805,0.018050014972686768,-0.059140836960409615,-0.22287476062774658,0.15154772996902466,-0.07103701136145446,-0.1946812868118286,0.21289098262786865,-0.06559877297911498,-0.16003015637397766,0.20984947681427002,-0.060323128617142174
0.0,0.0,0.0,-0.06229883432388306,0.1253165602684021,0.01394671801261893,-0.11395639181137085,0.20470190048217773,0.0003958869785378738,-0.14096039533615112,0.29914766550064087,-0.023817237990272133,-0.1689116358757019,0.3800273537635803,-0.048536567541134445,-0.2218034863471985,0.026464760303497314,0.018499014375436218,-0.26294243335723877,0.18945705890655518,-0.006164148507934897,-0.2222272753715515,0.26070743799209595,-0.030450201185715287,-0.18168950080871582,0.2763538956642151,-0.04588828847028026,-0.21968349814414978,-0.00343206524848938,-0.006695770716589777,-0.26875194907188416,0.19879329204559326,-0.028082740085494606,-0.2151084840297699,0.2775592803955078,-0.04385369882203349,-0.17304855585098267,0.27443593740463257,-0.05481983959890613,-0.20227652788162231,-0.006993234157562256,-0.03344946965790996,-0.25412625074386597,0.1732138991355896,-0.05124648526526698,-0.20756474137306213,0.2529791593551636,-0.05064420640684375,-0.16462835669517517,0.2519320249557495,-0.0496995025894762,-0.1770024597644806,0.019005954265594482,-0.059896009566557495,-0.2239055335521698,0.15319621562957764,-0.07250913843728313,-0.1946554183959961,0.2154597043991089,-0.06698668614245662,-0.16009661555290222,0.21377718448638916,-0.06138763070322284
0.0,0.0,0.0,-0.0645366907119751,0.126081645488739,0.016459708473860246,-0.1143944263458252,0.20596539974212646,0.0030562976833721223,-0.14159029722213745,0.3004224896430969,-0.021825722046912688,-0.1695183515548706,0.3803555369377136,-0.047118772380770224,-0.22330552339553833,0.026244163513183594,0.02347472440379761,-0.2629071772098541,0.19076377153396606,-0.0011690457824329314,-0.22112751007080078,0.25863152742385864,-0.026302243211091536,-0.18028980493545532,0.269207239151001,-0.04243441354554989,-0.22149339318275452,-0.002314746379852295,-0.0032072363894144473,-0.2689962387084961,0.20131194591522217,-0.02397500407022335,-0.21433895826339722,0.2763270139694214,-0.039536189847410697,-0.17267003655433655,0.26786935329437256,-0.05055349376124241,-0.20460689067840576,-0.005304813385009766,-0.031585831754625815,-0.25509849190711975,0.17755383253097534,-0.04799240138453342,-0.20694082975387573,0.25295037031173706,-0.04555845689100124,-0.16397109627723694,0.24604147672653198,-0.04374498557370998,-0.179636150598526,0.01927247643470764,-0.059771143459499854,-0.22518044710159302,0.1576155424118042,-0.07108091991466381,-0.1944536566734314,0.21568775177001953,-0.06412522923272945,-0.15991106629371643,0.20724809169769287,-0.057601534389675635
0.0,0.0,0.0,-0.063679039478302,0.12431305646896362,0.012738646277341559,-0.11494535207748413,0.20605599880218506,-0.0021421941564199187,-0.14141511917114258,0.3042096495628357,-0.027495817012038515,-0.16824033856391907,0.3876696825027466,-0.05352850138291387,-0.22130540013313293,0.02568402886390686,0.01691175185993643,-0.2631056010723114,0.1861133575439453,-0.009141000649776743,-0.22500312328338623,0.2610212564468384,-0.034835631689873026,-0.18478798866271973,0.280887246131897,-0.051089296779480264,-0.21879127621650696,-0.0037918686866760254,-0.007938423856046484,-0.269783079624176,0.19564813375473022,-0.03042195617302923,-0.2182151973247528,0.2756114602088928,-0.047276436081972406,-0.17605185508728027,0.2749265432357788,-0.058837051234092996,-0.2010558843612671,-0.008242905139923096,-0.034420183590498254,-0.25393033027648926,0.1705227494239807,-0.052696483871784494,-0.20865079760551453,0.2506938576698303,-0.05278446777805357,-0.16581794619560242,0.2507403492927551,-0.052182088336792276,-0.17545253038406372,0.016198337078094482,-0.060661158255186365,-0.2224527895450592,0.1522408127784729,-0.07340025409206419,-0.19393390417099,0.21439588069915771,-0.0680487479184535,-0.15940093994140625,0.21294987201690674,-0.0625025282715228
0.0,0.0,0.0,-0.06551241874694824,0.1252942979335785,0.015615219274252468,-0.11714059114456177,0.2072608470916748,0.0023281497654465966,-0.1449390947818756,0.3042091727256775,-0.02184388225367684,-0.17172077298164368,0.38774752616882324,-0.046456042653233,-0.22263175249099731,0.030937105417251587,0.01939551720926147,-0.2653561234474182,0.18965470790863037,-0.004269788949102349,-0.22405856847763062,0.2589852213859558,-0.02781866488447804,-0.18368381261825562,0.2708668112754822,-0.04301029068818707,-0.22073552012443542,-0.00017660856246948242,-0.006733724357843585,-0.2709822952747345,0.19751662015914917,-0.027051713293701596,-0.21762344241142273,0.27244001626968384,-0.041154786920458264,-0.1754894256591797,0.2638033628463745,-0.050826873606354184,-0.202982097864151,-0.006074577569961548,-0.03428884220710415,-0.25613752007484436,0.17197972536087036,-0.05084328351011891,-0.2094740867614746,0.24862158298492432,-0.0479095019160809,-0.16694265604019165,0.2424294352531433,-0.045417826598793454,-0.17706191539764404,0.018030881881713867,-0.061509184515387005,-0.22424906492233276,0.15433859825134277,-0.07318340612044949,-0.19435474276542664,0.21425533294677734,-0.06581011784663815,-0.1588830053806305,0.20707213878631592,-0.05876336244335789
0.0,0.0,0.0,-0.06571412086486816,0.12235045433044434,0.013539252698762994,-0.11573779582977295,0.20453906059265137,-0.001982573290945311,-0.14351332187652588,0.30325567722320557,-0.028111490524963756,-0.1694994568824768,0.3917064666748047,-0.054868842579082866,-0.22246906161308289,0.025660067796707153,0.01651483111862717,-0.2646591067314148,0.18377208709716797,-0.00899818922545137,-0.22434601187705994,0.2551805377006531,-0.03455360151048126,-0.1836085319519043,0.2709836959838867,-0.050917397357181926,-0.2199309766292572,-0.004098832607269287,-0.00874220403994741,-0.2703392207622528,0.19288748502731323,-0.030259561828927417,-0.21793204545974731,0.2695404887199402,-0.046138539082960506,-0.1759369969367981,0.26480168104171753,-0.057286101497368236,-0.2017841339111328,-0.00902259349822998,-0.035426533884958644,-0.25614455342292786,0.16657215356826782,-0.05284190467710914,-0.21052467823028564,0.24501341581344604,-0.050838905490593334,-0.16699564456939697,0.24192559719085693,-0.04891548595543327,-0.17556336522102356,0.015545248985290527,-0.061835671879009624,-0.2247791886329651,0.14938899874687195,-0.07364959932084503,-0.19551265239715576,0.21020913124084473,-0.06631670809503021,-0.15934213995933533,0.20530849695205688,-0.059316489018158336
0.0,0.0,0.0,-0.06458306312561035,0.11991766095161438,0.010884623563129026,-0.11459141969680786,0.20214253664016724,-0.005010602475863379,-0.14247798919677734,0.3033980131149292,-0.030844302328091544,-0.16745424270629883,0.39230579137802124,-0.056866738425355834,-0.22085842490196228,0.0269775390625,0.01629720493986042,-0.2617158889770508,0.18368589878082275,-0.008404924014371318,-0.22207576036453247,0.25179392099380493,-0.0332646215723571,-0.18187397718429565,0.2649974822998047,-0.04919928260312645,-0.219018816947937,-0.0028268098831176758,-0.006923513898414058,-0.26868143677711487,0.1921861171722412,-0.027164697127204818,-0.2168291211128235,0.2664285898208618,-0.04174889199600784,-0.1755881905555725,0.2595999240875244,-0.05199342169032661,-0.2014853060245514,-0.0087147057056427,-0.03190133296118347,-0.2544783353805542,0.16676801443099976,-0.04798502050505249,-0.20990407466888428,0.24232149124145508,-0.04521699570284454,-0.16778844594955444,0.23617422580718994,-0.04290464468465416,-0.17584174871444702,0.014307886362075806,-0.056978728102308196,-0.22414711117744446,0.14823397994041443,-0.06740867294536201,-0.19589367508888245,0.20826005935668945,-0.05965200759635536,-0.16081351041793823,0.20199739933013916,-0.05249575473533241
0.0,0.0,0.0,-0.06396174430847168,0.12255209684371948,0.010589728973002366,-0.11518734693527222,0.20503783226013184,-0.0053318357997227395,-0.14394092559814453,0.3068610429763794,-0.031287678607611724,-0.16909927129745483,0.3964349031448364,-0.05744254318705089,-0.22254493832588196,0.0314447283744812,0.017323239616246155,-0.26286813616752625,0.18771100044250488,-0.007411004599987336,-0.22315114736557007,0.25582075119018555,-0.03251259876122958,-0.18327799439430237,0.26829200983047485,-0.048554861076979705,-0.2200925052165985,0.00024813413619995117,-0.00612243879294283,-0.2694106996059418,0.19456934928894043,-0.0267444896482516,-0.2172333300113678,0.268912672996521,-0.0418172786914397,-0.17520344257354736,0.26127779483795166,-0.05205313963523395,-0.20180091261863708,-0.007452845573425293,-0.031421762981324264,-0.2540969252586365,0.16747790575027466,-0.047665615656285354,-0.2094152867794037,0.24294531345367432,-0.04508165372243411,-0.16679736971855164,0.23612254858016968,-0.042554357179312774,-0.17522859573364258,0.013659566640853882,-0.05689365146389491,-0.22379165887832642,0.14830154180526733,-0.06720431623688228,-0.19578230381011963,0.2080695629119873,-0.059344207026867934,-0.16017815470695496,0.20103460550308228,-0.05189523575535304
0.0,0.0,0.0,-0.06441771984100342,0.12446027994155884,0.01274159010671383,-0.11549699306488037,0.2080061137676239,-0.0020724197832464597,-0.14365911483764648,0.308140367269516,-0.027369412405562343,-0.16969981789588928,0.39442089200019836,-0.052951249106001796,-0.22345471382141113,0.030103206634521484,0.019160722570347843,-0.26378241181373596,0.19108667969703674,-0.0061961177719354055,-0.22392484545707703,0.26122787594795227,-0.03167640305883879,-0.18318891525268555,0.2757425010204315,-0.04772214479572767,-0.22098198533058167,-0.0004596412181854248,-0.005513009427261295,-0.27024149894714355,0.19931325316429138,-0.026903916893672886,-0.2175833284854889,0.2732260525226593,-0.04250197373158926,-0.174900621175766,0.2657782733440399,-0.05292970947749609,-0.20306995511054993,-0.007442563772201538,-0.03197311870582098,-0.2549629807472229,0.17264321446418762,-0.04917909838087553,-0.2089982032775879,0.24721691012382507,-0.04697485528714651,-0.16607874631881714,0.24011161923408508,-0.044474295152497234,-0.17690879106521606,0.01382148265838623,-0.058374925328564586,-0.2248324751853943,0.15207776427268982,-0.06962314881212706,-0.19589051604270935,0.2116730511188507,-0.06204311065204138,-0.16046985983848572,0.20484188199043274,-0.05458058677442068
0.0,0.0,0.0,-0.06491398811340332,0.12506350874900818,0.014081795275728837,-0.11481356620788574,0.20722386240959167,-0.0005751490992906838,-0.1433260142803192,0.3062903583049774,-0.026112580164749488,-0.16957920789718628,0.3928395211696625,-0.052065509795625076,-0.22215524315834045,0.030265986919403076,0.02060916139237179,-0.26294705271720886,0.18894317746162415,-0.00397324092261897,-0.22308221459388733,0.2578008472919464,-0.029085333883244857,-0.18225860595703125,0.27080556750297546,-0.04504330033012138,-0.22029834985733032,0.00014069676399230957,-0.004755176096637115,-0.2702297270298004,0.19741681218147278,-0.02505833604880081,-0.21774744987487793,0.2715966999530792,-0.04006490060635315,-0.17507624626159668,0.2635749876499176,-0.05037576281972633,-0.20278912782669067,-0.005897074937820435,-0.03184494325466858,-0.2553032636642456,0.17248061299324036,-0.04794671708293663,-0.2098347246646881,0.24817374348640442,-0.04533838802524315,-0.16668283939361572,0.24146226048469543,-0.04296139576979385,-0.17698800563812256,0.016665786504745483,-0.05884850719519363,-0.2249806523323059,0.15404412150382996,-0.06943710470147835,-0.19621697068214417,0.21388712525367737,-0.061762082814652786,-0.16059041023254395,0.20708701014518738,-0.05450167083688484
0.0,0.0,0.0,-0.06454020738601685,0.12368354201316833,0.0136853432734938,-0.11632400751113892,0.20383933186531067,-0.000625627978195098,-0.14630720019340515,0.3009553849697113,-0.025716660126533952,-0.1747032105922699,0.38611719012260437,-0.05114550846764132,-0.22188231348991394,0.029349923133850098,0.020993555382403883,-0.2638935446739197,0.18609848618507385,-0.0034717745626835494,-0.2251320481300354,0.2565467059612274,-0.028328477918591943,-0.18440046906471252,0.2704290449619293,-0.04402347612330004,-0.22034171223640442,0.0001874864101409912,-0.0038893437492220073,-0.2715177834033966,0.19521597027778625,-0.024150833069768396,-0.2193230390548706,0.2715066373348236,-0.03901973324963137,-0.17701241374015808,0.26422569155693054,-0.04914065781184718,-0.20340782403945923,-0.0050370097160339355,-0.030564447447147813,-0.2566138803958893,0.17166754603385925,-0.04649664792367503,-0.2114964723587036,0.24775978922843933,-0.04407284367033526,-0.1686716079711914,0.24067285656929016,-0.04192094835588023,-0.1784193515777588,0.01824730634689331,-0.05720180231281802,-0.2263101041316986,0.15394452214241028,-0.06764462548443362,-0.19747382402420044,0.21281924843788147,-0.06026844266006037,-0.16217103600502014,0.2044883668422699,-0.05334998625465914
0.0,0.0,0.0,-0.06408578157424927,0.12418285012245178,0.012800769336536177,-0.11506962776184082,0.20520079135894775,-0.0026441072895977413,-0.14399349689483643,0.30298441648483276,-0.028748431786880246,-0.17231565713882446,0.38903456926345825,-0.05530734321473574,-0.22146683931350708,0.02762112021446228,0.017771153166904696,-0.2641580402851105,0.18651986122131348,-0.007782385762766353,-0.2252437174320221,0.258624792098999,-0.03321912845967745,-0.18465587496757507,0.274477481842041,-0.0493548098802421,-0.21939519047737122,-0.002040356397628784,-0.0069368147142085945,-0.2705463469028473,0.19612693786621094,-0.028379605695590726,-0.2175579071044922,0.273773729801178,-0.0441501173972938,-0.17561772465705872,0.2674869894981384,-0.05511374360321497,-0.20217934250831604,-0.006941884756088257,-0.03330261221526598,-0.2562010884284973,0.17071294784545898,-0.050234142303452245,-0.2104804515838623,0.24885237216949463,-0.0484765801429603,-0.16697818040847778,0.24352484941482544,-0.0468564886450622,-0.1772344410419464,0.01690465211868286,-0.059584773689493886,-0.2252916693687439,0.1530018150806427,-0.07096639609335398,-0.19629403948783875,0.21318960189819336,-0.06424486970900034,-0.16087818145751953,0.20570099353790283,-0.05781621819733118
0.0,0.0,0.0,-0.06365197896957397,0.12674540281295776,0.01380990145406713,-0.11557501554489136,0.20840972661972046,-0.0009295929674522085,-0.1440896987915039,0.306613028049469,-0.026652367993676762,-0.17164751887321472,0.3938891291618347,-0.052860664411866765,-0.2234603762626648,0.03182840347290039,0.0195452848230957,-0.26539966464042664,0.19461125135421753,-0.005768497216934065,-0.2245614230632782,0.2658018469810486,-0.030971007629716496,-0.18380585312843323,0.2793320417404175,-0.0470058007384182,-0.22114744782447815,0.0010247230529785156,-0.005842841904097895,-0.2709583342075348,0.20418280363082886,-0.02723467370816479,-0.2165188491344452,0.28204506635665894,-0.04308923540958176,-0.17486071586608887,0.2746090888977051,-0.05422204567440758,-0.20371028780937195,-0.004191994667053223,-0.032906839832151036,-0.25648587942123413,0.17763680219650269,-0.04962051121839295,-0.20966514945030212,0.2556833028793335,-0.04793850912102471,-0.16616150736808777,0.249661386013031,-0.04653833641060601,-0.17853263020515442,0.018996745347976685,-0.05985666273483048,-0.22648870944976807,0.15687066316604614,-0.07069231776841889,-0.19720393419265747,0.21731066703796387,-0.06383405087836991,-0.16181546449661255,0.2097703218460083,-0.057504544242704014
0.0,0.0,0.0,-0.06325709819793701,0.12704375386238098,0.013469640482298928,-0.1152883768081665,0.20891866087913513,-0.0012006495705918496,-0.14369246363639832,0.3077750504016876,-0.026627844814129276,-0.17219474911689758,0.39378097653388977,-0.05250219130880396,-0.2225235104560852,0.031186580657958984,0.018855092432431775,-0.2642101049423218,0.19366797804832458,-0.006686646640218896,-0.2240959107875824,0.2644234597682953,-0.03203901896245043,-0.18317461013793945,0.2782650291919708,-0.048116075489588184,-0.22066724300384521,0.0006489753723144531,-0.0063048262707070535,-0.2710112929344177,0.20317217707633972,-0.02815521383649866,-0.21715307235717773,0.27956870198249817,-0.04416338229543726,-0.1744237244129181,0.27227339148521423,-0.05518901223308603,-0.20359614491462708,-0.004681110382080078,-0.03313705572850267,-0.2559971809387207,0.17727217078208923,-0.05036564791566889,-0.2091236412525177,0.2542022168636322,-0.04886180782682459,-0.16567280888557434,0.2481410801410675,-0.04743517437941591,-0.1787700355052948,0.018747568130493164,-0.059853567425079746,-0.22522634267807007,0.1566157042980194,-0.0715133423543648,-0.19574353098869324,0.21645376086235046,-0.06511059651143114,-0.1608109474182129,0.20927861332893372,-0.058957202974625034
0.0,0.0,0.0,-0.062949538230896,0.12472984194755554,0.01107471888104783,-0.1143837571144104,0.20827525854110718,-0.005091841005139486,-0.14269405603408813,0.309192419052124,-0.03142590741475715,-0.1695919930934906,0.3981335163116455,-0.0580901532884468,-0.2214406132698059,0.03203892707824707,0.01557972827146159,-0.26413494348526,0.1896701455116272,-0.009986844051979915,-0.22540980577468872,0.2599320411682129,-0.03523257667978896,-0.18542465567588806,0.2752832770347595,-0.051291189294659034,-0.21943962574005127,0.0015171170234680176,-0.008238861475490467,-0.2714242935180664,0.19761580228805542,-0.029781240176760093,-0.21970489621162415,0.27451127767562866,-0.045251491617761985,-0.17808771133422852,0.2694445848464966,-0.055945358377300636,-0.20192402601242065,-0.004480957984924316,-0.03374897609313621,-0.25630614161491394,0.17177605628967285,-0.05080601121147765,-0.21136724948883057,0.24960607290267944,-0.04889692286809577,-0.16852658987045288,0.24546247720718384,-0.047066758524977104,-0.176678866147995,0.01882988214492798,-0.05932478154858245,-0.2246568202972412,0.15287211537361145,-0.07070123324950828,-0.196719229221344,0.21419435739517212,-0.06397614548762931,-0.16210705041885376,0.2096545696258545,-0.05753253693541183
0.0,0.0,0.0,-0.06351006031036377,0.12430727481842041,0.011409137247483159,-0.1153671145439148,0.20747745037078857,-0.004359743242730474,-0.14375445246696472,0.3084185719490051,-0.030529732035120105,-0.17040058970451355,0.3979414701461792,-0.05702486463042078,-0.221782386302948,0.03349959850311279,0.01739116184262457,-0.26394009590148926,0.19084399938583374,-0.008795090170224285,-0.22616422176361084,0.2615154981613159,-0.034711243735273456,-0.18610620498657227,0.2773835062980652,-0.05097501181217012,-0.21988952159881592,0.002917766571044922,-0.006752674152721738,-0.2712283432483673,0.19842129945755005,-0.028423248009403324,-0.22029098868370056,0.2753305435180664,-0.0441749712094861,-0.17844778299331665,0.2710292935371399,-0.05492649056168375,-0.20271629095077515,-0.0037841796875,-0.032825378851612186,-0.25645148754119873,0.17216432094573975,-0.05006140671821413,-0.21201100945472717,0.2502954602241516,-0.04838264562340555,-0.16903802752494812,0.247189462184906,-0.04653316937537966,-0.17761075496673584,0.018374234437942505,-0.059015156851728534,-0.22554630041122437,0.15144482254981995,-0.07025735281558809,-0.19820329546928406,0.2132442593574524,-0.06346406243892488,-0.16354027390480042,0.21036380529403687,-0.0569015351697999
0.0,0.0,0.0,-0.06481730937957764,0.12397405505180359,0.012807372477027457,-0.11558657884597778,0.20594584941864014,-0.0029520897808197333,-0.14393740892410278,0.30619269609451294,-0.029336045045283754,-0.17050325870513916,0.39560890197753906,-0.05612210604908796,-0.2204638421535492,0.029732435941696167,0.017002207677933256,-0.2636295557022095,0.18672454357147217,-0.008696104880300481,-0.22528797388076782,0.25846362113952637,-0.03387422907712789,-0.1851125955581665,0.27444690465927124,-0.049793310943869074,-0.21841633319854736,-0.0011805295944213867,-0.007782011773315389,-0.27023693919181824,0.19439470767974854,-0.029459136087325533,-0.21890059113502502,0.27078306674957275,-0.044340007487562616,-0.17699995636940002,0.2644021511077881,-0.05451760489108892,-0.20117634534835815,-0.007458806037902832,-0.03426543671253057,-0.25585490465164185,0.16860169172286987,-0.05118167075875135,-0.21092301607131958,0.24594074487686157,-0.04826962623360487,-0.16803666949272156,0.24069011211395264,-0.0457864743805203,-0.1763852834701538,0.015496134757995605,-0.060747251395014246,-0.22358128428459167,0.1504274308681488,-0.07217900503042074,-0.19533812999725342,0.21165472269058228,-0.06494754600885244,-0.16056573390960693,0.20632028579711914,-0.05806982937815519
0.0,0.0,0.0,-0.06330865621566772,0.1230851411819458,0.010583383400842195,-0.11555570363998413,0.20637714862823486,-0.005073513931677098,-0.14407452940940857,0.30780547857284546,-0.030638780075207706,-0.16991129517555237,0.3969349265098572,-0.056189111995593066,-0.22289448976516724,0.02988654375076294,0.016173387315973287,-0.2642424404621124,0.1878262758255005,-0.009353839422658439,-0.2234918475151062,0.2554817199707031,-0.034639563041821475,-0.1829616129398346,0.26868879795074463,-0.050764448571101184,-0.220933735370636,-0.0010281205177307129,-0.007353821865365262,-0.2703571021556854,0.19791799783706665,-0.029430742937222476,-0.21750584244728088,0.2702113389968872,-0.044851399588480945,-0.17578169703483582,0.262900173664093,-0.05517221950282192,-0.20341244339942932,-0.007596492767333984,-0.03272914849509334,-0.25559449195861816,0.17183387279510498,-0.05065914951552486,-0.20970407128334045,0.24638789892196655,-0.048542208599940295,-0.16727298498153687,0.24178242683410645,-0.046129531788722034,-0.17780333757400513,0.015077948570251465,-0.05821197442998027,-0.22468718886375427,0.15017279982566833,-0.07069042660583591,-0.19570204615592957,0.21059900522232056,-0.0640722472249422,-0.1606450378894806,0.20740634202957153,-0.05726531110991573
0.0,0.0,0.0,-0.05817323923110962,0.09630995988845825,0.01537251693895314,-0.10202163457870483,0.15473079681396484,0.006162375563292244,-0.1318008303642273,0.22993850708007812,-0.013340219503731987,-0.1605057418346405,0.29110753536224365,-0.03239645866909768,-0.17556264996528625,-0.008679062128067017,0.02948199527105544,-0.22182872891426086,0.0879194438457489,0.009806581193117836,-0.20273953676223755,0.15653443336486816,-0.010559842570216915,-0.17431658506393433,0.18592309951782227,-0.023389207778961918,-0.17349818348884583,-0.03187978267669678,0.006935609856157043,-0.2217164933681488,0.10609453916549683,-0.010400562195570728,-0.18905717134475708,0.17132574319839478,-0.022852741761596462,-0.1566104292869568,0.1731625199317932,-0.03080288751283433,-0.16250401735305786,-0.03321850299835205,-0.0180983307049587,-0.20867007970809937,0.09773534536361694,-0.033171140237243435,-0.17765936255455017,0.16405248641967773,-0.0314104078547075,-0.14498940110206604,0.16894584894180298,-0.028936010433824322,-0.1475076675415039,-0.010067224502563477,-0.04302759526530053,-0.18730270862579346,0.09041744470596313,-0.052490462197454235,-0.1671554446220398,0.14270424842834473,-0.046754323525817654,-0.1401948630809784,0.15052658319473267,-0.04098115174332406
0.0,0.0,0.0,-0.05985349416732788,0.09984222054481506,0.020871189007777957,-0.10360953211784363,0.1547824740409851,0.014149570422489433,-0.13411405682563782,0.22417908906936646,-0.004207220809291812,-0.1634344458580017,0.28367865085601807,-0.02287724376259348,-0.17541643977165222,-0.006637126207351685,0.03509867429198721,-0.2179643213748932,0.09845501184463501,0.018614640975613383,-0.1920681893825531,0.16102129220962524,-0.0006456656923887749,-0.16182169318199158,0.18153655529022217,-0.013470884827654572,-0.17430371046066284,-0.03258076310157776,0.009660820992905883,-0.22403770685195923,0.10498785972595215,-0.00451367855606577,-0.1900157928466797,0.17369931936264038,-0.017005510112028333,-0.15681946277618408,0.17660152912139893,-0.025942308312039586,-0.16339391469955444,-0.03521987795829773,-0.01763604343472025,-0.21297550201416016,0.09284520149230957,-0.02993836015997431,-0.18135032057762146,0.16373378038406372,-0.028580288817863675,-0.14775684475898743,0.16824054718017578,-0.027426160355787488,-0.1480569839477539,-0.011045515537261963,-0.04441203684149286,-0.19081896543502808,0.08886590600013733,-0.05278747663436434,-0.17024558782577515,0.14480692148208618,-0.04721242324052355,-0.1417393684387207,0.15248841047286987,-0.04223413900075457
0.0,0.0,0.0,-0.05855327844619751,0.0990024209022522,0.018551504894332993,-0.1026349663734436,0.15222373604774475,0.011594223513441193,-0.13363301753997803,0.22021076083183289,-0.006218720969570768,-0.1625651717185974,0.2783779799938202,-0.02394743757025708,-0.17314249277114868,-0.0048878490924835205,0.03301050579472076,-0.21664270758628845,0.09429016709327698,0.01596156573219787,-0.19140779972076416,0.1578088104724884,-0.0026677898567299962,-0.16088202595710754,0.1772264540195465,-0.014694016703231227,-0.17260926961898804,-0.03005465865135193,0.009132741674022782,-0.2238081991672516,0.10196903347969055,-0.005432898920787466,-0.19029825925827026,0.17170098423957825,-0.0166230455942582,-0.1570073664188385,0.17313417792320251,-0.0241698504395913,-0.16233426332473755,-0.03271883726119995,-0.01692752288357724,-0.21196889877319336,0.09211862087249756,-0.029636821986002815,-0.18101972341537476,0.16340652108192444,-0.027659013212485206,-0.1480216383934021,0.1660870611667633,-0.02578621478454579,-0.14833110570907593,-0.008706718683242798,-0.042628153503699195,-0.18927472829818726,0.09049668908119202,-0.05063668945507516,-0.16828012466430664,0.14376387000083923,-0.0447835058875512,-0.1404467523097992,0.1466737687587738,-0.03957187318877686
0.0,0.0,0.0,-0.05849403142929077,0.09840765595436096,0.020297941112460194,-0.10206788778305054,0.15356659889221191,0.013130220876576004,-0.13094541430473328,0.22481852769851685,-0.005323989490477743,-0.1596263349056244,0.2835231423377991,-0.02399419963961691,-0.1747812032699585,-0.002581000328063965,0.03149574837976843,-0.22016751766204834,0.09814465045928955,0.01240703585887104,-0.19457265734672546,0.16397207975387573,-0.0069685514890238665,-0.16317293047904968,0.18507486581802368,-0.01913969562059492,-0.17317771911621094,-0.02854102849960327,0.005826733832748232,-0.22370180487632751,0.10827606916427612,-0.010822111448703708,-0.18748116493225098,0.17755800485610962,-0.022277159324346485,-0.1525566279888153,0.17733138799667358,-0.029528274840174618,-0.16237354278564453,-0.03269660472869873,-0.02190298930412382,-0.21172097325325012,0.09667226672172546,-0.03689077281063646,-0.17687559127807617,0.16817975044250488,-0.034232707402168217,-0.14186781644821167,0.1709257960319519,-0.03119040810173601,-0.14716151356697083,-0.01174047589302063,-0.049028506210504474,-0.1880502700805664,0.09120440483093262,-0.05915683292454332,-0.16481968760490417,0.1452682614326477,-0.052859598478733005,-0.13553184270858765,0.14857161045074463,-0.046694928488193455
0.0,0.0,0.0,-0.058055222034454346,0.09857505559921265,0.019384989805359965,-0.10044994950294495,0.15218091011047363,0.012156893789608603,-0.13017809391021729,0.22083181142807007,-0.006057411141853208,-0.1598963737487793,0.27745604515075684,-0.02448561944828498,-0.17334413528442383,-0.006129235029220581,0.031036677129407053,-0.21887698769569397,0.09749668836593628,0.01355703762902749,-0.19330766797065735,0.16354215145111084,-0.005116599321524973,-0.16243478655815125,0.18475240468978882,-0.017119319819073553,-0.17249342799186707,-0.032407939434051514,0.006602444976408606,-0.22479891777038574,0.10423451662063599,-0.008018964611153478,-0.19106346368789673,0.17578673362731934,-0.019248593308191175,-0.15716403722763062,0.1782602071762085,-0.02714493096635806,-0.1614638864994049,-0.03525495529174805,-0.019718270458440657,-0.21238958835601807,0.09265995025634766,-0.03283302643166053,-0.18017184734344482,0.16484880447387695,-0.030595725111822958,-0.14617609977722168,0.16810256242752075,-0.028670483909706945,-0.14604565501213074,-0.010896265506744385,-0.04546044551597106,-0.18860271573066711,0.09018915891647339,-0.05428625427947509,-0.16629528999328613,0.14444607496261597,-0.04816628777251708,-0.13716745376586914,0.14749550819396973,-0.04266801261172759
0.0,0.0,0.0,-0.05623382329940796,0.09698182344436646,0.01429155277008931,-0.09786418080329895,0.1549740433692932,0.004904184433769387,-0.12716266512870789,0.22729021310806274,-0.014293507729519206,-0.15605521202087402,0.28597551584243774,-0.03329486591820796,-0.1730455756187439,-0.0025097131729125977,0.02707839379007737,-0.2174566686153412,0.09746184945106506,0.007849457617055577,-0.196025550365448,0.16247481107711792,-0.012096180637229281,-0.16628310084342957,0.18679332733154297,-0.024604488220859366,-0.17204022407531738,-0.024495095014572144,0.005182495284032029,-0.22119662165641785,0.10930019617080688,-0.011291262750376063,-0.1883869171142578,0.17539548873901367,-0.023622164559412795,-0.1545501947402954,0.17751675844192505,-0.03155888063912471,-0.16164156794548035,-0.02561807632446289,-0.019011590686488944,-0.2086244821548462,0.1003405749797821,-0.03373551560645183,-0.17761313915252686,0.16707050800323486,-0.0325025301993378,-0.14426344633102417,0.1704537272453308,-0.0304521583587416,-0.1469639539718628,-0.0019600093364715576,-0.043028822225380736,-0.18782901763916016,0.09563568234443665,-0.05240740073924144,-0.16614538431167603,0.14474153518676758,-0.04639944998626788,-0.1374322474002838,0.14694106578826904,-0.04045067919497569
0.0,0.0,0.0,-0.05827629566192627,0.09945598244667053,0.020471698782216663,-0.1004638671875,0.1546778678894043,0.013738459153842086,-0.12995609641075134,0.22412216663360596,-0.004403339986879473,-0.15836164355278015,0.2824561595916748,-0.02290588320158804,-0.17578992247581482,-0.004513055086135864,0.03315290174521124,-0.2181682586669922,0.10320627689361572,0.016453209510814304,-0.18951132893562317,0.16512101888656616,-0.0025832434736230425,-0.15767309069633484,0.18220293521881104,-0.015107350246239548,-0.17489397525787354,-0.03040897846221924,0.008067395715784187,-0.22320479154586792,0.10917282104492188,-0.005539699279893284,-0.18731039762496948,0.17688703536987305,-0.017143497997153645,-0.15389981865882874,0.17749357223510742,-0.02553313300870741,-0.16387012600898743,-0.033875226974487305,-0.018806517877806073,-0.21252650022506714,0.09775814414024353,-0.030826174476374035,-0.1782969832420349,0.16650283336639404,-0.02835455798469866,-0.14412808418273926,0.16742277145385742,-0.026449638241160756,-0.14772462844848633,-0.011240392923355103,-0.04518001043163622,-0.19039404392242432,0.09039294719696045,-0.053755166762698536,-0.16731253266334534,0.14408504962921143,-0.04728290700279558,-0.13723251223564148,0.1474226713180542,-0.04140184336267794
0.0,0.0,0.0,-0.05634862184524536,0.09800535440444946,0.016713475507401654,-0.0991574227809906,0.15219086408615112,0.009658804793559739,-0.12814590334892273,0.22258776426315308,-0.00763237320194321,-0.1558956801891327,0.2810935378074646,-0.024867231327391437,-0.1732475757598877,-0.0008918046951293945,0.029374515336655804,-0.21911031007766724,0.09999093413352966,0.011809462380313107,-0.19212985038757324,0.16443496942520142,-0.006378439556158355,-0.15969860553741455,0.1833164095878601,-0.01770520985434132,-0.17290708422660828,-0.024279862642288208,0.006801132742964455,-0.22514349222183228,0.10852169990539551,-0.008032183463967613,-0.18915340304374695,0.17862343788146973,-0.018658042255140117,-0.1540682315826416,0.17889076471328735,-0.025416458326674274,-0.16277816891670227,-0.025992929935455322,-0.0178910236091383,-0.21407559514045715,0.09802916646003723,-0.031691694933272174,-0.18023470044136047,0.16927534341812134,-0.029698064851856998,-0.14464586973190308,0.17139482498168945,-0.027150240096545986,-0.14828208088874817,-0.0015124082565307617,-0.042151907760000995,-0.1914738118648529,0.096140056848526,-0.05143974937806206,-0.16829133033752441,0.14834648370742798,-0.04525955610284882,-0.13749071955680847,0.14856469631195068,-0.039175423163271716
0.0,0.0,0.0,-0.05617719888687134,0.09826049208641052,0.021827245106123883,-0.09834739565849304,0.15446963906288147,0.016339380269073445,-0.12742123007774353,0.2229994833469391,-0.0009186170314023911,-0.15702319145202637,0.27948132157325745,-0.018602829451538128,-0.17234626412391663,0.00021007657051086426,0.03659085368099113,-0.21778079867362976,0.09908002614974976,0.019587496270560223,-0.19467782974243164,0.16388127207756042,0.0009295870881942392,-0.16403117775917053,0.18555733561515808,-0.010899153563059372,-0.17208203673362732,-0.02206668257713318,0.010598015946470696,-0.2226160168647766,0.10942527651786804,-0.003683618760533136,-0.18938526511192322,0.17599233984947205,-0.015340311477757496,-0.15490016341209412,0.1776113212108612,-0.023007489765859646,-0.16288074851036072,-0.024183452129364014,-0.017516635383344692,-0.21131634712219238,0.10275089740753174,-0.030617274368978542,-0.17854464054107666,0.16778221726417542,-0.028786581034637493,-0.1442442536354065,0.16807672381401062,-0.026683378989673656,-0.14925524592399597,-0.00211140513420105,-0.0449658502143393,-0.19126418232917786,0.09997856616973877,-0.053130762676573795,-0.16749149560928345,0.14679768681526184,-0.04625263998923401,-0.13744497299194336,0.14470413327217102,-0.040023727367497486
0.0,0.0,0.0,-0.056705594062805176,0.09859421849250793,0.015233780375524475,-0.09954187273979187,0.15287160873413086,0.007660297795041515,-0.13013452291488647,0.22039759159088135,-0.009873206609086083,-0.15858840942382812,0.2770363688468933,-0.027172625878051804,-0.17109686136245728,-0.003469914197921753,0.030246761745615913,-0.21342122554779053,0.09615075588226318,0.012239645353361084,-0.18841499090194702,0.1589040756225586,-0.007376187828526781,-0.1570339798927307,0.17929697036743164,-0.01969585462768464,-0.1712627410888672,-0.02628248929977417,0.008894183791085197,-0.22098210453987122,0.1060449481010437,-0.006751147912041233,-0.18756386637687683,0.1737051010131836,-0.0194468469109097,-0.15410634875297546,0.17704153060913086,-0.027737398513750122,-0.16190627217292786,-0.02761399745941162,-0.014771736108855293,-0.21080094575881958,0.0965680181980133,-0.02864944271107106,-0.18008190393447876,0.16593581438064575,-0.02859862602610974,-0.14621570706367493,0.1704084277153015,-0.02749183296521096,-0.14851704239845276,-0.0024471282958984375,-0.03817347704728036,-0.1889905333518982,0.09553232789039612,-0.0473107200797358,-0.16798856854438782,0.146958589553833,-0.042778509550885246,-0.13948941230773926,0.15119069814682007,-0.03807796805460839
0.0,0.0,0.0,-0.056992948055267334,0.09835392236709595,0.017026600569749917,-0.10052064061164856,0.15213072299957275,0.009966316774750794,-0.13098514080047607,0.2228562831878662,-0.007402002669607555,-0.15859949588775635,0.28322672843933105,-0.02464700382921592,-0.17236590385437012,-0.0008086860179901123,0.03149356614079579,-0.21592342853546143,0.1009238064289093,0.014626511514450158,-0.18975836038589478,0.16298317909240723,-0.0034619458929796565,-0.15846219658851624,0.1812504529953003,-0.014806197814380084,-0.17248255014419556,-0.025161951780319214,0.009129097827042187,-0.2234496772289276,0.1103365421295166,-0.005431856818233882,-0.18807482719421387,0.17848318815231323,-0.016392377063368713,-0.15399625897407532,0.17879921197891235,-0.02344106961760417,-0.16285210847854614,-0.02770054340362549,-0.01533909220967189,-0.21253755688667297,0.09882292151451111,-0.028255165412758743,-0.17978328466415405,0.16862207651138306,-0.026525632336472427,-0.14533895254135132,0.1706584095954895,-0.024372952848409568,-0.1493053138256073,-0.003597259521484375,-0.03944751699242488,-0.19029387831687927,0.09614792466163635,-0.04795260061297313,-0.1683882772922516,0.14791887998580933,-0.04242136408362285,-0.1393272876739502,0.14957773685455322,-0.03702288944992915
0.0,0.0,0.0,-0.05617928504943848,0.09858447313308716,0.016436381950086343,-0.0990922749042511,0.15349677205085754,0.009678479968613374,-0.12948071956634521,0.22006991505622864,-0.007422682144635928,-0.1585828959941864,0.27548566460609436,-0.024479170576626075,-0.1716068685054779,0.0012730062007904053,0.03270216727167963,-0.21351253986358643,0.09989356994628906,0.015127007602757203,-0.18900787830352783,0.16245582699775696,-0.004355975673490775,-0.15821650624275208,0.18252089619636536,-0.016732891336971534,-0.17190274596214294,-0.021935313940048218,0.01027419952214359,-0.22064059972763062,0.10963267087936401,-0.0051204667100250845,-0.18726420402526855,0.17656627297401428,-0.018186149434143317,-0.15367063879966736,0.17933282256126404,-0.026707920492583526,-0.16272827982902527,-0.024147242307662964,-0.014514618799978507,-0.21023565530776978,0.09997311234474182,-0.028405768112236274,-0.17925173044204712,0.16859474778175354,-0.028667873949700606,-0.14558815956115723,0.1730068027973175,-0.027788440943652404,-0.14929354190826416,-0.0010745227336883545,-0.03899019888132216,-0.1892274022102356,0.0975939929485321,-0.04803724891036154,-0.16781601309776306,0.14748820662498474,-0.04339949718206526,-0.13951358199119568,0.1505778729915619,-0.03868718004315497
0.0,0.0,0.0,-0.05559265613555908,0.09943923354148865,0.0156665788320538,-0.09997811913490295,0.15566730499267578,0.007967787730478904,-0.1299593150615692,0.22700440883636475,-0.009603820805466512,-0.15811121463775635,0.286732017993927,-0.0268758899243835,-0.17156565189361572,0.0007901787757873535,0.026324442523502967,-0.21687567234039307,0.1006041169166565,0.008176061260485312,-0.18932855129241943,0.16443514823913574,-0.00961450680068765,-0.1575659215450287,0.18215936422348022,-0.020815859613037446,-0.1704767942428589,-0.024062812328338623,0.004086250374996325,-0.22246375679969788,0.11003494262695312,-0.012218148511863092,-0.18524327874183655,0.17826175689697266,-0.022525060054874757,-0.15072199702262878,0.17617857456207275,-0.028802561637974122,-0.15959426760673523,-0.02811095118522644,-0.02018329228184257,-0.20979845523834229,0.09903699159622192,-0.03474473121485744,-0.174757719039917,0.16795825958251953,-0.03195663454852138,-0.1400461196899414,0.16741442680358887,-0.028717258078074792,-0.14443716406822205,-0.006511956453323364,-0.04410916107616458,-0.18519461154937744,0.0951341986656189,-0.054111118492699006,-0.16237083077430725,0.14750325679779053,-0.048356114950991014,-0.1335587203502655,0.14723610877990723,-0.04251127975902591
0.0,0.0,0.0,-0.05705225467681885,0.09956657886505127,0.025712494960373533,-0.09968817234039307,0.1563434898853302,0.020959547942823065,-0.12833645939826965,0.2265830934047699,0.0034189210164754513,-0.15800172090530396,0.2851351797580719,-0.014948170410150396,-0.17254212498664856,-0.006484478712081909,0.039352235606259,-0.21988773345947266,0.09609189629554749,0.02401863153869499,-0.19753757119178772,0.16445603966712952,0.006223855762129915,-0.16720718145370483,0.19042333960533142,-0.0054317384601176855,-0.17163032293319702,-0.030355840921401978,0.011076686194485319,-0.2214217185974121,0.10818341374397278,-0.00110030978606801,-0.18784835934638977,0.17618706822395325,-0.012334651091748583,-0.15426042675971985,0.17807599902153015,-0.020594036915952074,-0.16158854961395264,-0.03253242373466492,-0.018866785579973566,-0.20999854803085327,0.09961774945259094,-0.030148970672541964,-0.17635610699653625,0.16544005274772644,-0.02734378796225201,-0.1427103579044342,0.16620680689811707,-0.025411817023211825,-0.14662468433380127,-0.008771002292633057,-0.04787312705224167,-0.19049635529518127,0.0945005714893341,-0.05518598366683136,-0.1663200855255127,0.14335736632347107,-0.047433058509284365,-0.13588887453079224,0.14311698079109192,-0.04099996645157944
0.0,0.0,0.0,-0.05799788236618042,0.10038083791732788,0.023820920871401086,-0.09994077682495117,0.15546542406082153,0.018455323787236466,-0.12827321887016296,0.22451114654541016,0.0009051833425814948,-0.15723800659179688,0.28139495849609375,-0.017307787178253875,-0.1698916256427765,-0.008466482162475586,0.03737394048442866,-0.21646738052368164,0.09369707107543945,0.021160149039531007,-0.19384288787841797,0.1601695418357849,0.0027076693026515386,-0.1630622148513794,0.1858290433883667,-0.00915506293455337,-0.16923710703849792,-0.03227335214614868,0.010631081672215714,-0.2207271158695221,0.10658550262451172,-0.0035528137573805907,-0.18782660365104675,0.1746693253517151,-0.016059090359306083,-0.1530342698097229,0.17952591180801392,-0.024746687127446876,-0.15992659330368042,-0.03335142135620117,-0.017828236309981094,-0.2098235785961151,0.09788775444030762,-0.030424320114946113,-0.17778640985488892,0.16531425714492798,-0.029451209096407638,-0.14348521828651428,0.17033743858337402,-0.0283612655235288,-0.14691409468650818,-0.008189976215362549,-0.04538787247071241,-0.18972894549369812,0.09356650710105896,-0.05368755848536466,-0.16801059246063232,0.14460068941116333,-0.047912561310624824,-0.13930100202560425,0.15002399682998657,-0.04277755410799955
0.0,0.0,0.0,-0.057551026344299316,0.09976276755332947,0.017979734443315465,-0.09972167015075684,0.15519028902053833,0.010315131262132127,-0.12855622172355652,0.2271275520324707,-0.007806089374980729,-0.15661656856536865,0.28557294607162476,-0.02586696589719395,-0.1707380712032318,-0.007097482681274414,0.029525236092695195,-0.21394342184066772,0.09715902805328369,0.012289220333286721,-0.18594196438789368,0.15906190872192383,-0.005988784268311065,-0.15405026078224182,0.17657393217086792,-0.01773533517848591,-0.17016926407814026,-0.03198593854904175,0.006323830556311805,-0.22123828530311584,0.10761356353759766,-0.009199827112070125,-0.18437081575393677,0.1742572784423828,-0.020148827828279536,-0.1502399444580078,0.17319267988204956,-0.027277740783802074,-0.16021475195884705,-0.03381901979446411,-0.018771269492617648,-0.21062541007995605,0.098212331533432,-0.032105642504802745,-0.17700916528701782,0.16676604747772217,-0.029685889504662555,-0.1437588930130005,0.16806751489639282,-0.027300967968812984,-0.14671742916107178,-0.008858859539031982,-0.04343538279067616,-0.1875903308391571,0.09457403421401978,-0.052613741852155727,-0.1659894585609436,0.14773863554000854,-0.047143782622924846,-0.13877147436141968,0.15126001834869385,-0.04188897753488163
0.0,0.0,0.0,-0.05866134166717529,0.1014745831489563,0.021018828250362276,-0.10188367962837219,0.15687838196754456,0.014675850964977144,-0.13076862692832947,0.22808656096458435,-0.003208550406725408,-0.15986937284469604,0.2875211536884308,-0.021502302043245436,-0.17178678512573242,-0.005813270807266235,0.03465875329811752,-0.21549323201179504,0.09768351912498474,0.017842455752088426,-0.1895771026611328,0.16106078028678894,-0.001105398303934635,-0.1582050621509552,0.1819559633731842,-0.01344812197248757,-0.17138239741325378,-0.030505746603012085,0.009274979106976389,-0.22304338216781616,0.10644200444221497,-0.005697972621874214,-0.18852195143699646,0.17501935362815857,-0.018528324566887022,-0.1537744700908661,0.17854580283164978,-0.027343756534264685,-0.16174712777137756,-0.03244513273239136,-0.01798673813800633,-0.2128460705280304,0.09642615914344788,-0.030987770311639906,-0.18094944953918457,0.16705480217933655,-0.030631006710336806,-0.1466720700263977,0.17248055338859558,-0.029931533165381552,-0.148434579372406,-0.00764349102973938,-0.04459635449211419,-0.19074660539627075,0.09414803981781006,-0.05358225015561402,-0.17010530829429626,0.14803501963615417,-0.04899269250790894,-0.14190152287483215,0.1543460190296173,-0.04466135708253205
0.0,0.0,0.0,-0.05782192945480347,0.10013794898986816,0.018992265746476278,-0.10026431083679199,0.1559237539768219,0.011936540775479898,-0.12980231642723083,0.22603276371955872,-0.006155803739545718,-0.16006183624267578,0.28273412585258484,-0.024534247755525485,-0.1709514558315277,-0.0045577287673950195,0.033025251761557683,-0.21522605419158936,0.09772101044654846,0.015850024357916936,-0.1911994218826294,0.16235288977622986,-0.0035977940405587105,-0.16116714477539062,0.18517091870307922,-0.016322361245272532,-0.1702549159526825,-0.028349727392196655,0.008895778157295808,-0.22199320793151855,0.10671183466911316,-0.00615679094147481,-0.18973249197006226,0.17586740851402283,-0.019624145641444102,-0.15595358610153198,0.1810988485813141,-0.02918199071240224,-0.1603202521800995,-0.029527097940444946,-0.01722219580364026,-0.21083152294158936,0.09716394543647766,-0.03046229475688733,-0.18030422925949097,0.1671946942806244,-0.030664794086931124,-0.14650771021842957,0.17317482829093933,-0.030452774777529612,-0.14663594961166382,-0.004632472991943359,-0.04279654280793466,-0.1895095705986023,0.09457668662071228,-0.0515847745681981,-0.16899067163467407,0.14737656712532043,-0.04699190513741769,-0.1408071219921112,0.15370717644691467,-0.0428257453585843
0.0,0.0,0.0,-0.05893057584762573,0.10052508115768433,0.024591979872866432,-0.10157731175422668,0.15415692329406738,0.02005452972321109,-0.13076815009117126,0.22077882289886475,0.0030876475614149967,-0.16060978174209595,0.27672529220581055,-0.014720174181775292,-0.1718074083328247,-0.0029446184635162354,0.039746227976365844,-0.2156287431716919,0.10011240839958191,0.02437768068580226,-0.19132933020591736,0.16340851783752441,0.005964728840126554,-0.16126444935798645,0.18465816974639893,-0.006167499512002905,-0.17198601365089417,-0.02800619602203369,0.012559034232481281,-0.22304081916809082,0.10602444410324097,-0.0004204216709240427,-0.19054138660430908,0.17536991834640503,-0.012933492358342846,-0.1562565565109253,0.17942196130752563,-0.021947190794662674,-0.16252371668815613,-0.029974907636642456,-0.01635521713228627,-0.21274065971374512,0.09580594301223755,-0.027769672382191857,-0.1815255880355835,0.16530698537826538,-0.026883872855023583,-0.14758238196372986,0.1687282919883728,-0.02627698953779145,-0.1487070620059967,-0.00516161322593689,-0.04440622839661046,-0.19081974029541016,0.09556734561920166,-0.05190689179630681,-0.16958370804786682,0.1474069356918335,-0.04620223182769223,-0.14104217290878296,0.1501150131225586,-0.04141932416291638
0.0,0.0,0.0,-0.05828750133514404,0.09972503781318665,0.02081539867418769,-0.10057410597801208,0.15416526794433594,0.014604977462170154,-0.13060688972473145,0.22165441513061523,-0.0028069825938814574,-0.16087278723716736,0.2757752537727356,-0.020533941556038826,-0.17172041535377502,-0.005512326955795288,0.03456228053170207,-0.21583008766174316,0.09852316975593567,0.018611721824584038,-0.19099336862564087,0.16139256954193115,0.00021876778833984645,-0.16025948524475098,0.1803531050682068,-0.011803997550430267,-0.17169466614723206,-0.02859136462211609,0.009813924450156719,-0.2221420407295227,0.10723504424095154,-0.0030976919087493116,-0.1894858479499817,0.17410385608673096,-0.014570573214712113,-0.15626803040504456,0.17462849617004395,-0.022985031698169678,-0.16200515627861023,-0.028828442096710205,-0.01679020362001893,-0.21123653650283813,0.09912711381912231,-0.027969870586218804,-0.18010014295578003,0.16451013088226318,-0.02570942217511174,-0.14744055271148682,0.1633198857307434,-0.02433240214389798,-0.1483098864555359,-0.0028003454208374023,-0.04282903471988675,-0.19085118174552917,0.09842431545257568,-0.049920579288425415,-0.16825154423713684,0.14694738388061523,-0.04292960265678403,-0.13909843564033508,0.14557284116744995,-0.037177404258670776
0.0,0.0,0.0,-0.05713385343551636,0.09797033667564392,0.017749636187488704,-0.09888479113578796,0.15043893456459045,0.010648895739848285,-0.12949925661087036,0.2169106900691986,-0.006967411157404513,-0.15939095616340637,0.27170154452323914,-0.02478321386939797,-0.17079347372055054,-0.005169659852981567,0.03214308501713958,-0.21334129571914673,0.09725040197372437,0.015124636455709606,-0.1885770559310913,0.160546213388443,-0.003816204624911279,-0.15796804428100586,0.17938414216041565,-0.01598332008785519,-0.17092356085777283,-0.02824917435646057,0.0092383285381743,-0.22142919898033142,0.10450497269630432,-0.0046771837069741196,-0.18926066160202026,0.173357754945755,-0.016341432244246334,-0.15699639916419983,0.17582640051841736,-0.024611580432122082,-0.16144344210624695,-0.029054731130599976,-0.015838862643306584,-0.2114104926586151,0.09583085775375366,-0.028696379870837063,-0.18102845549583435,0.16439500451087952,-0.027457791627114148,-0.14822211861610413,0.1658283770084381,-0.026260474011962742,-0.14838537573814392,-0.003224879503250122,-0.04050107790595803,-0.18989771604537964,0.09776386618614197,-0.0490707692361525,-0.1676100194454193,0.1476481854915619,-0.04344979791409287,-0.13863569498062134,0.14757052063941956,-0.038396657691066594
0.0,0.0,0.0,-0.05546867847442627,0.09721565246582031,0.01573080889636458,-0.0974741280078888,0.1501452922821045,0.008312301186265358,-0.12773051857948303,0.21649563312530518,-0.008890559489486805,-0.15643811225891113,0.2716524600982666,-0.02610252477472841,-0.16886597871780396,-0.0032405853271484375,0.0287295462911743,-0.21165841817855835,0.09545829892158508,0.012409711663963208,-0.18636611104011536,0.15734225511550903,-0.005604261125085941,-0.15590760111808777,0.17530608177185059,-0.01737112418061315,-0.16961517930030823,-0.026237457990646362,0.007269734924079785,-0.22078156471252441,0.10027924180030823,-0.005868962558565727,-0.18876808881759644,0.16922754049301147,-0.016673593374548545,-0.1569410264492035,0.1722514033317566,-0.024557138385830513,-0.16047078371047974,-0.027446389198303223,-0.01626706548279344,-0.21269571781158447,0.09098154306411743,-0.028947668674049964,-0.18286937475204468,0.16030538082122803,-0.02764944970851957,-0.1498585045337677,0.16228044033050537,-0.026488839241324058,-0.14776885509490967,-0.0017896294593811035,-0.039427472802458396,-0.19029280543327332,0.09773650765419006,-0.04813184455281316,-0.1679738163948059,0.14741694927215576,-0.04257080570107519,-0.1381845474243164,0.14563095569610596,-0.037579564901648155
0.0,0.0,0.0,-0.05819571018218994,0.09922999143600464,0.023746312632226818,-0.10029354691505432,0.15295886993408203,0.01890522897150504,-0.1291799247264862,0.2191483974456787,0.002091883252376192,-0.15792539715766907,0.2742742896080017,-0.015516027771866447,-0.17095932364463806,0.0016047358512878418,0.03707169465627658,-0.21366605162620544,0.10175737738609314,0.021932070179843777,-0.1876218020915985,0.1632394790649414,0.004576550367289656,-0.157327800989151,0.1798228621482849,-0.0068972920635701485,-0.17058637738227844,-0.023252010345458984,0.010454986280763023,-0.2204875648021698,0.10640040040016174,-0.0019039170220480628,-0.1866437792778015,0.1744709610939026,-0.012159535625016815,-0.1537233591079712,0.17392700910568237,-0.019532010854220516,-0.16066744923591614,-0.02646651864051819,-0.017940937505102283,-0.21117758750915527,0.09611061215400696,-0.02952881060633672,-0.17869043350219727,0.16464412212371826,-0.02650158755574239,-0.14538225531578064,0.1637347936630249,-0.02430665023717893,-0.14678224921226501,-0.004031062126159668,-0.045511673168277866,-0.18859970569610596,0.09863418340682983,-0.053080278412437565,-0.16475293040275574,0.14806419610977173,-0.04576256401929868,-0.13502410054206848,0.14423245191574097,-0.039627863989210255
0.0,0.0,0.0,-0.055219173431396484,0.09811949729919434,0.017404512125153815,-0.09849405288696289,0.15193533897399902,0.010539657059212004,-0.1289016306400299,0.21746504306793213,-0.006521587637166704,-0.15826815366744995,0.2714512348175049,-0.023836310398678506,-0.16975322365760803,0.0013043880462646484,0.0278952071397498,-0.2144675850868225,0.10166394710540771,0.010808962020178114,-0.18777886033058167,0.16342854499816895,-0.007097642314533914,-0.15650564432144165,0.18036705255508423,-0.018677247133950914,-0.1695975363254547,-0.02390354871749878,0.004961733794857537,-0.22063076496124268,0.10631370544433594,-0.00950076748142692,-0.18679344654083252,0.17338871955871582,-0.020195464980702127,-0.15367895364761353,0.1736757755279541,-0.027596072670917238,-0.15933024883270264,-0.02778857946395874,-0.019859952297906602,-0.21029430627822876,0.09592646360397339,-0.033494179514150346,-0.1775851845741272,0.16299104690551758,-0.031196405556897844,-0.14397278428077698,0.16239804029464722,-0.02905829567919227,-0.1447463035583496,-0.006142854690551758,-0.04411753770421001,-0.18687796592712402,0.09670263528823853,-0.05359796192954036,-0.1625681221485138,0.14584320783615112,-0.04740454387376758,-0.13284122943878174,0.1422351598739624,-0.04173570629666301
0.0,0.0,0.0,-0.05553644895553589,0.09818333387374878,0.017067447412614456,-0.0973142683506012,0.1532842516899109,0.008937985744182697,-0.1264006793498993,0.22241657972335815,-0.009457174580688843,-0.15638375282287598,0.27729862928390503,-0.027959395092125305,-0.17106908559799194,-0.0032616853713989258,0.02804628025353395,-0.2147628664970398,0.09865295886993408,0.00989806104064428,-0.18923047184944153,0.16289758682250977,-0.008971628625090489,-0.1577967405319214,0.18152481317520142,-0.021048787873382935,-0.16996455192565918,-0.026465266942977905,0.004744920987491241,-0.21998584270477295,0.10731524229049683,-0.010278954994078049,-0.18558338284492493,0.17500358819961548,-0.021175969284172425,-0.15228644013404846,0.1743599772453308,-0.02865363646685637,-0.15932989120483398,-0.02836880087852478,-0.0206520202422098,-0.20864415168762207,0.0984438955783844,-0.03426760424315489,-0.17596444487571716,0.16543620824813843,-0.03162207816183127,-0.142869770526886,0.1645526885986328,-0.029315110188122162,-0.14431506395339966,-0.005201011896133423,-0.045644741397495636,-0.1862899661064148,0.09729084372520447,-0.054791513722534546,-0.16280293464660645,0.1463766098022461,-0.04813556734859503,-0.13371631503105164,0.14413124322891235,-0.04212848458826102
